author_id,created_at,text
Uber_Support,2025-08-12T21:59:00.099076,@117203 Sorry to hear about the trouble! We're not seeing any issues on our end. Have you tried clearing your cookies?
117203,2025-08-12T21:59:00.202019,"WTH !! @115873  Totally unprofessional. First,Cancelled the ride without informing me and Second, charging me for that. 😡😠"
Uber_Support,2025-08-12T21:59:00.303435,@117204 Here to help. Send us a note at https://t.co/P4hKbfQBbP so our team can connect.
117204,2025-08-12T21:59:00.404516,"We ordered food on @115877 for 8 hungry neighborhood kids, AND THEY CANCELLED THE ORDER AFTER AN HOUR OF WAITING. R you eff'n kidding me?!"
Uber_Support,2025-08-12T21:59:00.504959,@117205 We apologize for the trouble! Send us a DM with your email address with additional details and we'll follow up.
117205,2025-08-12T21:59:00.609776,@Uber_Support I'm ready 2 file a complaint with Better Business Bureau &amp; FTC over misleading info Uber sent 2 me in an email &amp; overcharging
Uber_Support,2025-08-12T21:59:00.710452,@117206 Here to help! Send us a note at https://t.co/ZFaWy0Lkdu so our team can further assist.
117206,2025-08-12T21:59:00.810643,. @Uber_Support I ORDERED CHIPS AND QUESO AND I GOT NO CHIPS PLEASE HELP
Tesco,2025-08-12T21:59:00.911170,"@117207 Hi Hannah, I can see it's working on my end. Can you clear your cache and cookies and see if that helps? Kind regards - Rhys"
117207,2025-08-12T21:59:01.022686,@Tesco trying to spend clubcard vouchers but 'eating out' option diverts to 'lifestyle' every time - website glitch? https://t.co/GxnIP90f2s
Tesco,2025-08-12T21:59:01.122839,"@117208 I require your full name, address and email. I can log your feedback. TY - Chris 2/2"
117208,2025-08-12T21:59:01.224194,@Tesco just for completeness ordered arrived just now... over an hour late https://t.co/NGydnyAm6Q
AmazonHelp,2025-08-12T21:59:01.332128,@117209 ご迷惑をおかけしております。もしお届けした商品に問題があった場合、Amazonが発送する商品は返品・交換（可能な商品のみ）にて対応させていただいております。その場合には、お手数ですが、リンクをご参照の上お手続きください。https://t.co/TYbxdUlIYB TN
117209,2025-08-12T21:59:01.436814,amazonの梱包雑…珍しい。しかも、資格のテキスト少しページ曲がってしまってるし2冊が合体してたし…
Delta,2025-08-12T21:59:01.537132,"@117210 Hi, Conner, there is a wealth of information on our website. Here is a link  https://t.co/O04YmboCgo. Hope this helps. *TLT"
117210,2025-08-12T21:59:01.637814,@Delta I’m looking to get some information regarding Delta to help me with a presentation on Delta. Is there anyone I can contact?
Delta,2025-08-12T21:59:01.738121,@117211 ...on the upgrade list. 😃 *TJN 2/2
117211,2025-08-12T21:59:01.840820,"@Delta Should be the standby list, not upgrade?"
117211,2025-08-12T21:59:01.941126,"@Delta I had the option to see the standby list for 1445, but it’s gone now, so I believe you took me off of it"
Delta,2025-08-12T21:59:02.054585,"@117211 It is still there, try it now. I re-set the confirmation #. *TBT"
117211,2025-08-12T21:59:02.154692,.@Delta can you look at the standby list for DL1445 for tomorrow? Suppose to be on it but don’t think I’m activated on it.
SpotifyCares,2025-08-12T21:59:02.255079,"@117212 2: mobile, can you send us the Song Link instead? Just tap the three dots &gt; Share &gt; Copy Link. We look forward to your reply /JU"
117212,2025-08-12T21:59:02.355761,"Excuse me @115888 I have ✌🏽 songs that I never made available commercially, available on your service 🤔 who do I contact"
SpotifyCares,2025-08-12T21:59:02.458321,@117213 Hey there! Could you send us a DM with your account's email address? We'll take a look backstage /FR https://t.co/ldFdZRiNAt
117213,2025-08-12T21:59:02.558805,@117153 y'all charged my account 8 times ..... uhhh
AmazonHelp,2025-08-12T21:59:02.660638,@117214 失礼いたします。ご存知かと存じますが、当サイトからそのようなメールをお送りすることはございません。Amazonの名をかたるフィッシング行為が増えているようですので、どうぞお気を付けください。https://t.co/k4jy2iBODo  SM
117214,2025-08-12T21:59:02.761085,ねぇこういうのマジで頭悪いと思うんだよね。じゃあ具体的にどんなサイトにいつどの端末から登録したのか訊けば答えられるんかね。そのサイトのアクセスログに俺のIPアドレスは載ってるんかね。そもそもAmazonは「有料動画サイト」とかやってねぇよバカか。 https://t.co/kz68UogX2A
Uber_Support,2025-08-12T21:59:02.862352,@117215 Happy to help! Please confirm your email address or phone number through direct message so we can further assist.
117215,2025-08-12T21:59:02.962895,@Uber_Support Thanks. Item recovered and waiting collection :D
117215,2025-08-12T21:59:03.063519,"@Uber_Support Hi. I lost my phone in an Uber. App asks me to submit my phone number to make contact,I only had mobile as travelling."
British_Airways,2025-08-12T21:59:03.164078,"@117216 Hi Helen, we can check if your booking has gone through. DM us your flight details, email and contact number. ^Helen"
117216,2025-08-12T21:59:03.264535,@British_Airways help website crashed and don’t know if flights booked or not. Can’t get thru on phone!
British_Airways,2025-08-12T21:59:03.365255,@117217 Oh no! We are very sorry for the delay in responding and for your delay. It's very upsetting to call us that. ^Oliver
117217,2025-08-12T21:59:03.468084,So just left London on the train. 4:30pm. I was supposed to leave London this morning at 10am. Thanks @British_Airways. Morons.
British_Airways,2025-08-12T21:59:03.568641,"@117218 We sorry to hear this again, Rob. We'll add these comments to your previous feedback. ^Helen"
117218,2025-08-12T21:59:03.669551,"More repulsive, embarrassing soggy slop in Club @British_Airways 8482 At least this time crew were nice &amp; didn’t eat the cream themselves"
British_Airways,2025-08-12T21:59:03.770017,"@117219 It would also be helpful if you could DM us your booking reference, full address and phone number. 2/2 ^DaniH"
117219,2025-08-12T21:59:03.870615,Hey @British_Airways are you helping passengers stranded by Turkey's visa ban on Americans? Kid off at university is heartbroken.
British_Airways,2025-08-12T21:59:03.971055,"@117219 We're concerned to read your message, Ethan. Can you DM us a bit more information about your query? 1/2"
British_Airways,2025-08-12T21:59:04.071670,@117220 by using the feedback you submit. We appreciate it more than you think Claire 2/2. ^Oliver
117220,2025-08-12T21:59:04.179528,@British_Airways It’s Clare with no i!!
British_Airways,2025-08-12T21:59:04.280071,"@117220 We do apologise for this but there's unfortunately, there's nothing more we can do and this could happen with any airline. ^Danielle"
117220,2025-08-12T21:59:04.380350,@British_Airways I appreciate your point but this was not the case last night. It was to allow Club Europe an additional row. Let’s leave it there! Thanks
British_Airways,2025-08-12T21:59:04.480734,"@117220 We understand your frustration, Clare.  We're sorry for spelling your name wrong.  Unfortunately, we'd only ever change a seat for a 1/2"
British_Airways,2025-08-12T21:59:04.593618,"@117220 good reason, a few examples could be an aircraft change, to accommodate families with small children or a passenger with a disability. 2/2"
117220,2025-08-12T21:59:03.883313,@British_Airways Clue is in the @ name!! Wrong words and blatantly spelling my name wrong on more than one occasion!! Great customer experience and loyalty!🤔
117220,2025-08-12T21:59:03.983877,@British_Airways I think you meant should!! I’m not sure how much more feedback I can give!! I’ve made my thoughts clear. Another airline may now be needed!
British_Airways,2025-08-12T21:59:04.084714,@117220 Please accept our apologies. Your loyalty to us showed always been shown. We want to improve and change your thoughts about us 2/2. ^Oliver
117220,2025-08-12T21:59:04.185086,@British_Airways CS won’t get me off the plane tonight any quicker. Changes so you can make money!! No loyalty and getting worse!!!
British_Airways,2025-08-12T21:59:04.285956,@117220 may need to be changed for safety or operational reasons. We'll pass your comments on to the Customer Experience team. ^Kit 2/2
117220,2025-08-12T21:59:04.386295,@British_Airways I’m now half way up the plane when I was originally in row 4! What’s the point of silver perks when you take them away!
British_Airways,2025-08-12T21:59:04.486625,"@117220 Hi Clare, please accept our apologies for any  inconvenience the changing of your seat reservation has caused. ^L"
117220,2025-08-12T21:59:04.586862,@British_Airways when you go to check in and the one week you need to be at the front for a sharp exit and you’ve been put out your seat! 😡😡
SouthwestAir,2025-08-12T21:59:04.689169,"@117221 Without a doubt, delays are frustrating for everyone involved, including us. We apologize for the inconvenience today, Molly. ^MR"
117221,2025-08-12T21:59:04.790669,@SouthwestAir Also how terrible is it that almost every single flight in this terminal is delayed???? Guess you get what you pay for.
117221,2025-08-12T21:59:04.890954,"Also @SouthwestAir has the worst terminal at SD airport. You’d think if they can never be on time, they’d fill their terminal w cool shit."
SouthwestAir,2025-08-12T21:59:04.991627,@117222 Sorry for the long lines in Montego Bay. Our Employees will do their best to get you moving as quickly as possible. ^SJ
117222,2025-08-12T21:59:05.092279,@SouthwestAir what’s going on at MBJ? Longest line I’ve ever seen in my life. Not sure we’ll make our flights?
JackBox,2025-08-12T21:59:05.193539,@117223 🍟
117223,2025-08-12T21:59:05.295308,"@JackBox My curly fries were still hot and perfect at the bottom on a takeout order! Cheers to the JITB on S. Cooper St. in Arlington, TX!"
XboxSupport,2025-08-12T21:59:05.395587,@117224 Hi there! Was there anything said about an expiration date when the code was sent to you? ^JS
117224,2025-08-12T21:59:05.496221,@XboxSupport No I can't see anything about an expiry date in the email
XboxSupport,2025-08-12T21:59:05.596983,"@117224 If you don't see an expiration listed, then you should be fine - just to check, though, can you DM us the code you're curious about?  ^QZ"
117224,2025-08-12T21:59:05.697597,"@XboxSupport Sure, I'll do that now... Just don't redeem it on me 😂 😂"
117224,2025-08-12T21:59:05.798262,@XboxSupport I won a 1 month EA access subscription in your intergalactic competition the other day and I'm wondering if there's a time limit for me to redeem the code or if I'm ok to wait before entering so it's not wasted. Thanks.
comcastcares,2025-08-12T21:59:05.898877,@117225 I am truly sorry for the troubles and inconvenience. Please DM your account details and I will look into this for you. ~RD
117225,2025-08-12T21:59:05.999197,"Reason 1,000,000 why you’re the worst @115900 https://t.co/mEkcmPO429"
comcastcares,2025-08-12T21:59:06.099702,@117226 I am glad you have reached out. We will work on fixing this. Please send us a DM with your account number. -YE
117226,2025-08-12T21:59:06.201090,@comcastcares My service is always on and off . Ironically when I need it most I'm having to reboot and reset my internet and it's very inconvenient
comcastcares,2025-08-12T21:59:06.302424,"@117226 Hello Valentina, I am not happy to hear this. How can I help you? -YE"
117226,2025-08-12T21:59:06.402813,Getting really frustrated with @115900  lately . Starting to look around for new cable and internet provider
comcastcares,2025-08-12T21:59:06.503256,"@117227 Hello. I can provide updates on the service interruption. Please send a DM with your full name, address and phone number. -GM"
117227,2025-08-12T21:59:06.604391,#Astros have a chance to win their first #WorldSeries championship tonight and @115900 is out in my Cypress neighborhood.
comcastcares,2025-08-12T21:59:06.706731,"@117228 Hi, I'm glad to hear you switched to Xfinity! Let me know if you need any assistance! - MH"
117228,2025-08-12T21:59:06.807483,@comcastcares Will do
comcastcares,2025-08-12T21:59:06.908795,@117228 Have a great night! -LO
117228,2025-08-12T21:59:07.009976,"So my ISP Really screwed me over, so I switched to @115900"
comcastcares,2025-08-12T21:59:07.110708,"@117229 Hello, Ron! Just checking in to see if you are still experiencing XFINITY HD service issues. -GO"
117229,2025-08-12T21:59:07.211920,Hey @117230 why no HD service on @116136 tonight?
comcastcares,2025-08-12T21:59:07.312314,"@117231 Hello, Jared! Just checking in to see if you are still experiencing XFINITY Internet services issues. -GO"
117231,2025-08-12T21:59:07.413498,Hi @comcastcares. I pay for 150+... https://t.co/dmYR1A2Od2
comcastcares,2025-08-12T21:59:07.514190,"@117232 Good evening, how can I help you? -YE"
117232,2025-08-12T21:59:07.616052,@comcastcares You can't. That's why I cancelled my service. #anotheronebitesthedust
comcastcares,2025-08-12T21:59:07.717667,@117232 I am sorry to hear that. If there is anything else you need in the future please feel free to reach out to us here.-YE
117232,2025-08-12T21:59:07.819531,@116136 Too bad they are stuck with the worst customer service
116136,2025-08-12T21:59:07.921087,We’re proud to announce that #InternetEssentials has connected 4 million low-income Americans to the Internet. https://t.co/APimGHk1rT
comcastcares,2025-08-12T21:59:08.021730,@117233 Are you having a billing or service issue that I can assist you with today? -VG
117233,2025-08-12T21:59:08.123368,You're not fooling me @116136 I know the typing I hear when I talk to your robot is a sound effect.
comcastcares,2025-08-12T21:59:08.225193,"@117234 Hi, I can definitely look into what's going on! Can you send us a DM with your service address? -MT"
117234,2025-08-12T21:59:08.327617,@comcastcares Does not appear that Comcast is too concerned. I’ve heard zero from Comcast!
comcastcares,2025-08-12T21:59:08.439347,"@117234 I'm not sure what you mean, but I'll be happy to look into it. Would you please DM the full service address and phone number? -JN"
117234,2025-08-12T21:59:08.540152,@comcastcares What’s D S?
comcastcares,2025-08-12T21:59:08.640885,"@117234 Hello, I apologize if this was sent in error. Can you please DM us and we can take a look at what was sent? -EG"
117234,2025-08-12T21:59:08.742993,"@ComcastCares
#mobile_Care I received a box. I will not open it. I ordered nothing."
TMobileHelp,2025-08-12T21:59:08.844377,@117235 Send me a DM and let's see what is going on! https://t.co/izQCWNdYgX *NickSuzuki
117235,2025-08-12T21:59:08.945236,@TMobileHelp Thanks nick for the reply. But you can check my DMs i sent previously. They wont help.
TMobileHelp,2025-08-12T21:59:09.045890,"@117235 If you want change your mind, send us a DM and we can chat about the pricing! https://t.co/izQCWNdYgX *NickSuzuki"
117235,2025-08-12T21:59:09.146140,@TMobileHelp I did man.
TMobileHelp,2025-08-12T21:59:09.246356,@117235 Thanks for sending the DM I'll meet you there *NickSuzuki
117235,2025-08-12T21:59:09.347280,@TMobileHelp Any luck with those new terms?
TMobileHelp,2025-08-12T21:59:09.447613,"@117235 We have updated our terms, send us a DM and I'll take a look! *TiannahReagor"
117235,2025-08-12T21:59:09.548173,@TMobileHelp If i can zero down on our phones. Thats whT i need. But they already said my not able. Because I’m not a 3 year customer.
TMobileHelp,2025-08-12T21:59:09.649632,@117235 We definitely want to do what we can to help you! *TiannahReagor
117235,2025-08-12T21:59:09.750169,@TMobileHelp Thank you but ive fought with you guys all weekend over DMs they wont give me zero down.
TMobileHelp,2025-08-12T21:59:09.850821,"@117235 Hey there! Send us a DM, I'll help you out :) *TiannahReagor"
117235,2025-08-12T21:59:09.951933,if i would have started a youtube channel years ago Maybe apple would’ve sent over an iphoneX instead of me fighing @115911 over zerodown
TMobileHelp,2025-08-12T21:59:10.053079,@117236 It's not too late at all! Please DM us so we can help with that. *JohnWard
117236,2025-08-12T21:59:10.153743,is too late to pre-order the iphone x through @115911 if I have the JUMP Program
TMobileHelp,2025-08-12T21:59:10.255337,"@117237 No worries one bit! Shoot me a DM, and I'll set your heart at ease! *DannyHarvey"
117237,2025-08-12T21:59:10.356990,I’m starting to get concerned. There is no label created for my @115911 iPhone X yet and it releases Friday. I hope I get it Friday.
TMobileHelp,2025-08-12T21:59:10.458308,@117238 @115913 We always want to provide the best possible experience for you. Please DM us. https://t.co/lH0SH5fy2m *MikeRice
117238,2025-08-12T21:59:10.559541,@115913 how you feel about your customer service supervisors hanging up on a customer telling them to take their business elsewhere 🌚
TMobileHelp,2025-08-12T21:59:10.660673,@117239 We'd love the chance to turn things around for you!  Please DM so we can help. *JohnWard
117239,2025-08-12T21:59:10.761579,@115911 Had 3 extremely horrible experiences at your stores here in Melbourne Florida.  Absolutely contemplating ending my service after 9 years
TMobileHelp,2025-08-12T21:59:10.862543,@116942 Good question! DM means direct message! You should have that option by clicking my face! https://t.co/oIBK3mlmoz *DannyHarvey
116942,2025-08-12T21:59:10.962941,"@115911 I'm new to. What's a ""DM""?"
AmericanAir,2025-08-12T21:59:11.063323,@117240 We want to make sure communication is crystal clear. Please DM your record locator so we can share your feedback.
117240,2025-08-12T21:59:11.163500,@AmericanAir Just sent it.
117240,2025-08-12T21:59:11.265388,@AmericanAir might be a good idea 2 have working intercoms on flights.Flight attendant literally sounds like adults talking on Charlie Brown
marksandspencer,2025-08-12T21:59:11.366590,"@117241 @117242 @117243 @117244 @117245 @117246 @117247 @Tesco @sainsburys @117248 @AldiUK @117249 @Morrisons @117250 @117251 @117252 That's fine, we will just keep our best mince pie award from @117245 this year 😉🏆 https://t.co/6LkGTbvecF"
117241,2025-08-12T21:59:11.468303,@marksandspencer @117242 @117243 @117244 @117245 @117246 @117247 @Tesco @sainsburys @117248 @AldiUK @117249 @Morrisons @117250 @117251 @117252 Well done on your award 👏 we're honoured &amp; #proud of how well we've done in Mark's #mincepiewars! It means a lot to us that our customers enjoy our food 😀
117242,2025-08-12T21:59:11.571933,@117241 @marksandspencer @117243 @117244 @117245 @117246 @117247 @Tesco @sainsburys @117248 @AldiUK @117249 @Morrisons @117250 @117251 @117252 And the mince pies have all been eaten! Overall results are on their way...
117242,2025-08-12T21:59:11.672561,"@117241 @marksandspencer @117243 @117244 @117245 @117246 @117247 @Tesco @sainsburys @117248 @AldiUK @117249 @Morrisons @117250 @117251 @117252 The best overall mince pie of #greatbritishminceoff / #mincepiewars 2017 goes to...

The @117241 for both the “homemade” and all butter mince pies!

Congratulations!! 👑🎉 https://t.co/uwGF5TFyoD"
117242,2025-08-12T21:59:11.772898,"@117241 @marksandspencer @117243 @117244 @117245 @117246 @117247 @Tesco @sainsburys @117248 @AldiUK @117249 @Morrisons @117250 @117251 @117252 And we award the prize of best nationwide mince pie 2017 (available across the UK) to...

@marksandspencer for “The Collection” mince pie and to @117244 for the “luxury” mince pie

Well done!! 
#mincepiewars https://t.co/pkEEIasCWR"
117242,2025-08-12T21:59:11.874607,@117241 @marksandspencer @117243 @117244 @117245 @117246 @117247 @Tesco @sainsburys @117248 @AldiUK @117249 @Morrisons @117250 @117251 @117252 Tomorrow we hope to look back through the competition and to share the tasting notes on each of the pies tested 😀 #mincepiewars
117241,2025-08-12T21:59:11.974785,@117242 @marksandspencer @117243 @117244 @117245 @117246 @117247 @Tesco @sainsburys @117248 @AldiUK @117249 @Morrisons @117250 @117251 @117252 We look forward to it!
117253,2025-08-12T21:59:12.076233,@117242 @117241 @marksandspencer @117243 @117244 @117245 @117246 @117247 @Tesco @sainsburys @117248 @AldiUK @117249 @Morrisons @117250 @117251 @117252 You should celebrate this magnificent competition with some of Booths Stollen bites they are also a triumph!!! https://t.co/6fCV0sSTkx
117241,2025-08-12T21:59:12.176910,@117253 @117242 @marksandspencer @117243 @117244 @117245 @117246 @117247 @Tesco @sainsburys @117248 @AldiUK @117249 @Morrisons @117250 @117251 @117252 Aww more amazing feedback 😀 Thank you so much! Merry #BoothsChristmas to all! https://t.co/rE6wFY96Uh
117242,2025-08-12T21:59:12.277630,@117241 @117253 @marksandspencer @117243 @117244 @117245 @117246 @117247 @Tesco @sainsburys @117248 @AldiUK @117249 @Morrisons @117250 @117251 @117252 Very much deserved! :)
117254,2025-08-12T21:59:12.378033,@117242 @117241 @117253 @marksandspencer @117243 @117244 @117245 @117246 @117247 @Tesco @sainsburys @117248 @AldiUK @117249 @Morrisons @117250 @117251 @117252 This is the most incredible chain!!
117242,2025-08-12T21:59:12.480561,@117253 @117241 @marksandspencer @117243 @117244 @117245 @117246 @117247 @Tesco @sainsburys @117248 @AldiUK @117249 @Morrisons @117250 @117251 @117252 Oh wow those sound amazing!
117255,2025-08-12T21:59:12.580901,@117242 @117256 @117241 @marksandspencer @117243 @117244 @117245 @117246 @117247 @Tesco @sainsburys @117248 @AldiUK @117249 @Morrisons @117250 @117251 @117252  https://t.co/ZewVIpUXgr
117256,2025-08-12T21:59:12.681461,@117255 @117242 @117241 @marksandspencer @117243 @117244 @117245 @117246 @117247 @Tesco @sainsburys @117248 @AldiUK @117249 @Morrisons @117250 @117251 @117252 Yeahhhhh!!!! 🎄🎉👏🏻 https://t.co/bW3Dohxsga
117241,2025-08-12T21:59:12.781958,"@117242 @marksandspencer @117243 @117244 @117245 @117246 @117247 @Tesco @sainsburys @117248 @AldiUK @117249 @Morrisons @117250 @117251 @117252 Thank you most esteemed team of mince pie testers! We humbly accept this accolade on behalf of ourselves &amp; @117257 , without whom the pies would not be what they are #MincePieWars #WINNER https://t.co/05zHre221N"
117253,2025-08-12T21:59:12.882305,@117241 @117242 @marksandspencer @117243 @117244 @117245 @117246 @117247 @Tesco @sainsburys @117248 @AldiUK @117249 @Morrisons @117250 @117251 @117252 @117257 Tremendous!!!! https://t.co/gNksnBOKu3
117258,2025-08-12T21:59:12.982765,@117241 @117242 @marksandspencer @117243 @117244 @117245 @117246 @117247 @Tesco @sainsburys @117248 @AldiUK @117249 @Morrisons @117250 @117251 @117252 @117257 We are proud to be your helping hands at Christmas.  Well done one..well done all https://t.co/wTuFWylv17
117259,2025-08-12T21:59:13.084286,@117241 @117242 @marksandspencer @117243 @117244 @117245 @117246 @117247 @Tesco @sainsburys @117248 @AldiUK @117249 @Morrisons @117250 @117251 @117252 @117257 Hurrah! https://t.co/JVlHHu6v4N
117258,2025-08-12T21:59:13.184458,@117242 @117241 @marksandspencer @117243 @117244 @117245 @117246 @117247 @Tesco @sainsburys @117248 @AldiUK @117249 @Morrisons @117250 @117251 @117252 anticipation....... https://t.co/3BRGetajcW
117241,2025-08-12T21:59:13.286110,@117242 @117243 @117244 @117245 @marksandspencer @117246 @117247 @Tesco @sainsburys @117248 @AldiUK @117249 @Morrisons @117250 @117251 @117252 So exciting! Fingers crossed we retain our  crown!
117242,2025-08-12T21:59:13.387038,@117243 @117244 @117241 @117245 @marksandspencer @117246 @117247 @Tesco @sainsburys @117248 @AldiUK @117249 @Morrisons @117250 @117251 @117252 Good morning pie makers! Today has been decreed the final day of the competition as we have covered the breadth of the UK supermarket mince pie landscape! More to follow later! :) #mincepiewars https://t.co/7T9uK6bUUZ
117242,2025-08-12T21:59:13.487572,@117243 @117244 @117241 @117245 @marksandspencer @117246 @117247 @Tesco @sainsburys @117248 @AldiUK @117249 @Morrisons @117250 @117251 @117252 And the results are in! Scoreboard updated! #mincepiewars https://t.co/8Lvk3dk9d3
117243,2025-08-12T21:59:13.588400,@117242 @117244 @117241 @117245 @marksandspencer @117246 @117247 @Tesco @sainsburys @117248 @AldiUK @117249 @Morrisons @117250 @117251 @117252 Just casually waiting for that big reveal @117242... https://t.co/xxIVPPepcv
117242,2025-08-12T21:59:13.689287,@117243 @117244 @117241 @117245 @marksandspencer @117246 @117247 @Tesco @sainsburys @117248 @AldiUK @117249 @Morrisons @117250 @117251 @117252 So the @117243 mince pies are ready to go in to tasting!! #mincepiewars https://t.co/rS7gnUA3bF
117243,2025-08-12T21:59:13.789864,@117242 @117244 @117241 @117245 @marksandspencer @117246 @117247 @Tesco @sainsburys @117248 @AldiUK @117249 @Morrisons @117250 @117251 @117252 @117242 the suspense! https://t.co/3VFoT15EYk
117242,2025-08-12T21:59:13.890831,@117244 @117241 @117245 @marksandspencer @117246 @117247 @Tesco @sainsburys @117248 @AldiUK @117249 @Morrisons @117250 @117251 @117243 @117252 Good morning pie makers!! Today is day 11 and today’s pies are from @117243! How will this alter the scoreboard?! We will find out later! :) #mincepiewars https://t.co/BN8ZmtXLk8
117244,2025-08-12T21:59:13.991545,"@117241 @117242 @117245 @marksandspencer @117246 @117247 @Tesco @sainsburys @117248 @AldiUK @117249 @Morrisons @117250 @117251 @117243 @117252 Good to know we had you like this! We'll settle for ""Incredibly tasty""! https://t.co/oXpaCD1DO7"
117241,2025-08-12T21:59:14.093113,"@117242 @117244 @117245 @marksandspencer @117246 @117247 @Tesco @sainsburys @117248 @AldiUK @117249 @Morrisons @117250 @117251 @117243 @117252 Not going to lie, we were sweating a bit at going up against Iceland's pies! Over the moon to still be top of the leaderboard! https://t.co/uSxiQtXSAZ"
117242,2025-08-12T21:59:14.193778,@117244 @117241 @117245 @marksandspencer @117246 @117247 @Tesco @sainsburys @117248 @AldiUK @117249 @Morrisons @117250 @117251 @117243 @117252 Ok! Scores are in for today’s tasting!! #mincepiewars https://t.co/S4s8V2oQby
117244,2025-08-12T21:59:14.295367,@117242 @117241 @117245 @marksandspencer @117246 @117247 @Tesco @sainsburys @117248 @AldiUK @117249 @Morrisons @117250 @117251 @117243 @117252 👏👏👏
117242,2025-08-12T21:59:14.395777,@117241 @117245 @marksandspencer @117244 @117246 @117247 @Tesco @sainsburys @117248 @AldiUK @117249 @Morrisons @117250 @117251 @117243 @117252 So today’s @117244 pies are about to go in to tasting...! #mincepiewars https://t.co/uK4B5K9uwt
117241,2025-08-12T21:59:14.497198,@117242 @117245 @marksandspencer @117244 @117246 @117247 @Tesco @sainsburys @117248 @AldiUK @117249 @Morrisons @117250 @117251 @117243 @117252  https://t.co/BI8QY4TlFk
117242,2025-08-12T21:59:14.597945,@117245 @marksandspencer @117244 @117241 @117246 @117247 @Tesco @sainsburys @117248 @AldiUK @117249 @Morrisons @117250 @117251 @117243 @117252 Have to say one or two of the team have had a sneak peek in the box of the @117244 mince pies and there was a nod or too... #mincepiewars https://t.co/E49sctEo6P
117245,2025-08-12T21:59:14.698677,@marksandspencer @117244 @117242 @117241 @117246 @117247 @Tesco @sainsburys @117248 @AldiUK @117249 @Morrisons @117250 @117251 @117243 @117252 I guess... there's always next year? https://t.co/OKMbOsOv0s
marksandspencer,2025-08-12T21:59:14.798983,"@117244 @117242 @117241 @117246 @117247 @Tesco @sainsburys @117248 @AldiUK @117249 @Morrisons @117250 @117251 @117243 @117252 The best you say, Iceland?!? Did you win @117245 best Mince Pie Award?!? Oh no...how could we forget, that was us!! 😉☕️ &gt; https://t.co/muSE7NkEd8. https://t.co/vyY14wNFsY"
117244,2025-08-12T21:59:14.899739,"@117242 @marksandspencer @117241 @117246 @117247 @Tesco @sainsburys @117248 @AldiUK @117249 @Morrisons @117250 @117251 @117243 @117252 Clearly you've been saving the BEST til last! 😉💁
Enjoy 😘"
117242,2025-08-12T21:59:15.000223,"@marksandspencer @117241 @117244 @117246 @117247 @Tesco @sainsburys @117248 @AldiUK @117249 @Morrisons @117250 @117251 @117243 @117252 Good morning pie makers and pie eaters!! It’s the 10th day of mince pie tasting - and we’ve eaten a lot!! Today we have mince pies from @117244 
We’ve had a lot of people suggest these! #mincepiewars https://t.co/sMgYUBqeg8"
117242,2025-08-12T21:59:15.103085,@marksandspencer @117241 @117244 @117246 @117247 @Tesco @sainsburys @117248 @AldiUK @117249 @Morrisons @117250 @117251 @117243 @117252 Remember there is more pie tasting to come! @117244 we hope to test your award winning pies on Monday! :) #mincepiewars https://t.co/uTJuPuj5oa
117242,2025-08-12T21:59:15.207133,@marksandspencer @117241 @117244 @117246 @117247 @Tesco @sainsburys @117248 @AldiUK @117249 @Morrisons @117250 @117251 @117243 @117252 Aww you guys still did brilliantly! And you’re easier to get to too :)
marksandspencer,2025-08-12T21:59:15.308706,@117242 @117241 @117244 @117246 @117247 @Tesco @sainsburys @117248 @AldiUK @117249 @Morrisons @117250 @117251 @117243 @117252 WE DEMAND A RE-TASTE! https://t.co/9rtbwfDT0p
117242,2025-08-12T21:59:15.411833,@117241 @117244 @117246 @117247 @marksandspencer @Tesco @sainsburys @117248 @AldiUK @117249 @Morrisons @117250 @117251 @117243 @117252 Very clever!! :)
117241,2025-08-12T21:59:15.512650,@117242 @117244 @117246 @117247 @marksandspencer @Tesco @sainsburys @117248 @AldiUK @117249 @Morrisons @117250 @117251 @117243 @117252 Simply the best...better than M&amp;S! #Mincepiewars https://t.co/y3t18hHVQZ
117242,2025-08-12T21:59:15.613099,@117244 @117246 @117241 @117247 @marksandspencer @Tesco @sainsburys @117248 @AldiUK @117249 @Morrisons @117250 @117251 @117243 @117252 And our results are in! Well done to both @marksandspencer and @117241 - we feel very well fed today! 😊 #mincepiewars https://t.co/eDCOY7lZqp
117242,2025-08-12T21:59:15.714874,@117244 @117246 @117241 @117247 @marksandspencer @Tesco @sainsburys @117248 @AldiUK @117249 @Morrisons @117250 @117251 @117243 @117252 So here are our selection of mince pies for today! Looking good @marksandspencer and @117241 #mincepiewars https://t.co/yyYokyWuCF
117244,2025-08-12T21:59:15.816042,"@117242 @117246 @117241 @117247 @marksandspencer @Tesco @sainsburys @117248 @AldiUK @117249 @Morrisons @117250 @117251 @117243 @117252 Thanks, boo 😘 https://t.co/MlrySiAkUN"
117242,2025-08-12T21:59:15.916884,@117244 @117246 @117241 @117247 @marksandspencer @Tesco @sainsburys @117248 @AldiUK @117249 @Morrisons @117250 @117251 @117243 @117252 Oh we intend to @117244 - just haven’t been able to get to a store yet to get some. Will try at the weekend :) https://t.co/0YsBqhChAP
117244,2025-08-12T21:59:16.017269,"@117242 @117246 @117241 @117247 @marksandspencer @Tesco @sainsburys @117248 @AldiUK @117249 @Morrisons @117250 @117251 @117243 But when are you going to try the @117252 Mince Pie Champions, Mark 🤔 https://t.co/VNfm86Hh7z"
117242,2025-08-12T21:59:16.118934,@117246 @117241 @117247 @marksandspencer @117244 @Tesco @sainsburys @117248 @AldiUK @117249 @Morrisons @117250 @117251 @117243 Good morning pie makers (and pie eaters)! A rather festive feeling Friday and day 9 of tasting! Today we pitch @117241 All butter mince pies against @marksandspencer luxury pies. Could we see a change at the top?! #mincepiewars https://t.co/FHnAMFB1ob
117246,2025-08-12T21:59:16.220498,@117242 @117241 @117247 @marksandspencer @117244 @Tesco @sainsburys @117248 @AldiUK @117249 @Morrisons @117250 @117251 @117243  https://t.co/SPDsc8z9lZ
117242,2025-08-12T21:59:16.321168,@117241 @117247 @marksandspencer @117246 @117244 @Tesco @sainsburys @117248 @AldiUK @117249 @Morrisons @117250 @117251 @117243 And our team of merry tasters have tasted - the results are in! Today we add @sainsburys Taste the Difference and @117246 Deluxe mince pies to the board! 😊 Yum! #mincepiewars https://t.co/wR5oGF3x2S
117242,2025-08-12T21:59:16.424322,@117241 @117247 @marksandspencer @117246 @117244 @Tesco @sainsburys @117248 @AldiUK @117249 @Morrisons @117250 @117251 @117243 So here are today’s pies for tasting! @sainsburys Taste the difference and @117246’s Deluxe! Both well presented #mincepiewars https://t.co/GzRv9Y86yS
117242,2025-08-12T21:59:16.525397,@117241 @117247 @marksandspencer @117246 @117244 @Tesco @sainsburys @117248 @AldiUK @117249 @Morrisons @117250 @117251 @117243 Good morning pie makers!!! It’s the 8th day today! And today it’s a double whammy! We shall be tasting both @sainsburys Taste the difference and @117246 deluxe pies! This could cause some tension at the top! #mincepiewars https://t.co/oNdS7wLdfx
117241,2025-08-12T21:59:16.626689,@117242 @117247 @marksandspencer @117246 @117244 @Tesco @sainsburys @117248 @AldiUK @117249 @Morrisons @117250 @117251 @117243 Here's hoping we stay top of the leaderboard! #mincepiewars https://t.co/olKuhTHA2x
117242,2025-08-12T21:59:16.727350,@117247 @117241 @marksandspencer @117246 @117244 @Tesco @sainsburys @117248 @AldiUK @117249 @Morrisons @117250 @117251 @117243 Ok! Scores are in for @117247! @marksandspencer and @117241 - can you be toppled from the top? #mincepiewars https://t.co/2PbYVj02G8
117242,2025-08-12T21:59:16.829346,@117247 @117241 @marksandspencer @117246 @117244 @Tesco @sainsburys @117248 @AldiUK @117249 @Morrisons @117250 @117251 @117243 Here are today’s pies ready to be tasted - the @117247 Merry mince pies! #mincepiewars https://t.co/vWu6sxx2yU
117247,2025-08-12T21:59:16.930759,@117242 @117241 @marksandspencer @117246 @117244 @Tesco @sainsburys @117248 @AldiUK @117249 @Morrisons @117250 @117251 @117243  https://t.co/lAwYzcXHsq
117242,2025-08-12T21:59:17.032153,"@117241 @marksandspencer @117246 @117244 @Tesco @sainsburys @117248 @AldiUK @117249 @Morrisons @117250 @117251 @117243 @117247 So, today’s pies are going to be...
@117247 😊 Are you exceedingly ready, Mr Kipling? #mincepiewars https://t.co/lsr67p6DEy"
117242,2025-08-12T21:59:17.133435,@117241 @marksandspencer @117246 @117244 @Tesco @sainsburys @117248 @AldiUK @117249 @Morrisons @117250 @117251 @117243 @117247 Good morning pie makers! Day 7 of tasting today and we have more pies to go through! Are we all on board today? :) https://t.co/6PyqT4Odms
117242,2025-08-12T21:59:17.233860,"@117241 @marksandspencer @117246 @117244 @Tesco @sainsburys @117248 @AldiUK @117249 @Morrisons @117250 @117251 @117243 @117247 Tasting continues tomorrow as we explore more pie ranges! @marksandspencer, remember we’ve only tried your yummy standard pies so far! ;) #mincepiewars https://t.co/qB3x1D3X5h"
117242,2025-08-12T21:59:17.335726,@117241 @marksandspencer @117246 @117244 @Tesco @sainsburys @117248 @AldiUK @117249 @Morrisons @117250 @117251 @117243 @117247 No bribery at all! Rather the case that it’s a very very long walk to our closest Booths :)
117241,2025-08-12T21:59:17.437671,@marksandspencer @117242 @117246 @117244 @Tesco @sainsburys @117248 @AldiUK @117249 @Morrisons @117250 @117251 @117243 @117247 😜 https://t.co/V6qjjS5De6
marksandspencer,2025-08-12T21:59:17.538137,@117242 @117246 @117241 @117244 @Tesco @sainsburys @117248 @AldiUK @117249 @Morrisons @117250 @117251 @117243 @117247 It's amazing what a bit of bribery can do to get top marks 👀 We're still taking poll position for 'main high street stores' 😉 https://t.co/qNnbQyN34E
117242,2025-08-12T21:59:17.639811,@117246 @marksandspencer @117241 @117244 @Tesco @sainsburys @117248 @AldiUK @117249 @Morrisons @117250 @117251 @117243 @117247 Results are in for the @117241 “homemade looking” pies. It’s all change at the top! #mincepiewars https://t.co/ZkcjoMbgcR
117242,2025-08-12T21:59:17.740800,@117246 @marksandspencer @117241 @117244 @Tesco @sainsburys @117248 @AldiUK @117249 @Morrisons @117250 @117251 @117243 @117247 So @117241 are up today - we are trying the first of their collection today - these traditional and homemade looking pies :) #mincepiewars https://t.co/yMPXZiWlDQ
117246,2025-08-12T21:59:17.844526,"@marksandspencer @117241 @117244 @117242 @Tesco @sainsburys @117248 @AldiUK @117249 @Morrisons @117250 @117251 @117243 @117247 Imagine making your customers pay more than twice as much per pie for your top range and still only scoring a point higher than our basics. ;)

Just you wait till our Deluxe mince pies get marked! And on that note, @117242 drop us a DM! https://t.co/8X2QAr23zN"
marksandspencer,2025-08-12T21:59:17.945870,@117241 @117244 @117242 @117246 @Tesco @sainsburys @117248 @AldiUK @117249 @Morrisons @117250 @117251 @117243 @117247 Imagine going to all this effort and coming away with an average score like @117246's 😂😂 https://t.co/ZhM1dcOh6S
117241,2025-08-12T21:59:18.047713,@117244 @117242 @117246 @marksandspencer @Tesco @sainsburys @117248 @AldiUK @117249 @Morrisons @117250 @117251 @117243 @117247 Didn't you hear? Folks can order our mince pies online for home delivery &gt; https://t.co/4bxUEnT0Uk https://t.co/QsFooKzZY8
117244,2025-08-12T21:59:18.149672,"@117241 @117242 @117246 @marksandspencer @Tesco @sainsburys @117248 @AldiUK @117249 @Morrisons @117250 @117251 @117243 @117247 ... in the North West, maybe 😜 https://t.co/ZJsZtJ5ZTU"
117241,2025-08-12T21:59:18.250784,"@117244 @117242 @117246 @marksandspencer @Tesco @sainsburys @117248 @AldiUK @117249 @Morrisons @117250 @117251 @117243 @117247 Nah, ours will be better! 😜 https://t.co/hfM82VJb9b"
117244,2025-08-12T21:59:18.351166,"@117242 @117241 @117246 @marksandspencer @Tesco @sainsburys @117248 @AldiUK @117249 @Morrisons @117250 @117251 @117243 @117247 Looks like you're a hard nut to crack, Mark - but we're pretty confident the best is yet to come with our Luxury Mince Pies https://t.co/GVkSn6wDj4"
117242,2025-08-12T21:59:18.451580,"@117241 @117246 @117244 @marksandspencer @Tesco @sainsburys @117248 @AldiUK @117249 @Morrisons @117250 @117251 @117243 @117247 We look forward to this! In the meantime, @117249 your results are in for your Extra Special pies. @marksandspencer and the rest - are you ready??!!  #mincepiewars https://t.co/D4ikNNua8d"
117241,2025-08-12T21:59:18.551804,@117242 @117246 @117244 @marksandspencer @Tesco @sainsburys @117248 @AldiUK @117249 @Morrisons @117250 @117251 @117243 @117247 Tomorrow morning Mark - ours are on their way to you! #mincepiewars https://t.co/Gn3Rz20J9E
117242,2025-08-12T21:59:18.652220,"@117246 @117244 @marksandspencer @117241 @Tesco @sainsburys @117248 @AldiUK @117249 @Morrisons @117250 @117251 @117243 @117247 So, unable to find @117246 premium pies our crack squad managed to find @117249 Extra Special Mince Pies. 
They are about to be judged...
#mincepiewars https://t.co/VcUJVkFTRs"
117242,2025-08-12T21:59:18.752683,@117246 @117244 @marksandspencer @117241 @Tesco @sainsburys @117248 @AldiUK @117249 @Morrisons @117250 @117251 @117243 @117247 Lidl! Just been to look for your premium pies - but we couldn’t find any? https://t.co/jy60wsfNh7
117246,2025-08-12T21:59:18.853327,@117242 @117244 @marksandspencer @117241 @Tesco @sainsburys @117248 @AldiUK @117249 @Morrisons @117250 @117251 @117243 When @marksandspencer realise they'd forgotten all about @117247. https://t.co/pDfSq4cilw
117242,2025-08-12T21:59:18.954611,@117244 @marksandspencer @117246 @117241 @Tesco @sainsburys @117248 @AldiUK @117249 @Morrisons @117250 @117251 @117243 Iceland and Spar - you are in the competition and will be tested! Just need to find a way and some time to venture to obtain some! :) https://t.co/kIPIUp7jIH
117244,2025-08-12T21:59:19.056025,@marksandspencer @117242 @117246 @117241 @Tesco @sainsburys @117248 @AldiUK @117249 @Morrisons @117250 @117251 @117243 We were born ready! https://t.co/KnY0qzGrtk
marksandspencer,2025-08-12T21:59:19.156531,"@117242 @117246 @117241 @Tesco @sainsburys @117248 @AldiUK @117249 @Morrisons @117250 @117251 @117244 @117243 Good morning, Mark and friends! We're ready for day 5... 😜 https://t.co/SlcieNwl6V"
117242,2025-08-12T21:59:19.258139,@marksandspencer @117246 @117241 @Tesco @sainsburys @117248 @AldiUK @117249 @Morrisons @117250 @117251 @117244 @117243 Good morning pie makers! 5th day of the contest today! How will the leaderboard change today? #mincepiewars https://t.co/U3nIFZForl
117242,2025-08-12T21:59:19.359701,@marksandspencer @117246 @117241 @Tesco @sainsburys @117248 @AldiUK @117249 @Morrisons @117250 @117251 @117244 @117243 The competition is strong! 😊 https://t.co/HbZaBGxP8J
marksandspencer,2025-08-12T21:59:19.466102,@117246 @117241 @117242 @Tesco @sainsburys @117248 @AldiUK @117249 @Morrisons @117250 @117251 @117244 @117243  https://t.co/o8c9caI4V9
117246,2025-08-12T21:59:19.566672,@marksandspencer @117241 @117242 @Tesco @sainsburys @117248 @AldiUK @117249 @Morrisons @117250 @117251 @117244 ... @117243 https://t.co/7lXQN22K9f
marksandspencer,2025-08-12T21:59:19.666818,@117246 @117241 @117242 @Tesco @sainsburys @117248 @AldiUK @117249 @Morrisons @117250 @117251 @117244 Oh yes...we thought someone was missing..... https://t.co/ofw0xj0ElH
117246,2025-08-12T21:59:19.767442,@117241 @marksandspencer @117242 @Tesco @sainsburys @117248 @AldiUK @117249 @Morrisons @117250 @117251 Don't forget @117244 are yet to enter either! https://t.co/Y2F4mElE4A
117241,2025-08-12T21:59:19.867681,@marksandspencer @117246 @117242 @Tesco @sainsburys @117248 @AldiUK @117249 @Morrisons @117250 @117251 The competition isn't over yet! https://t.co/Ftu5t1RVdb
marksandspencer,2025-08-12T21:59:19.995392,@117246 @117241 @117242 @Tesco @sainsburys @117248 @AldiUK @117249 @Morrisons @117250 @117251  https://t.co/p0wLT7TIlq
117246,2025-08-12T21:59:20.107853,@marksandspencer @117241 @117242 @Tesco @sainsburys @117248 @AldiUK @117249 @Morrisons @117250 @117251  https://t.co/afAXy9nwWa
marksandspencer,2025-08-12T21:59:20.208100,@117241 @117242 @Tesco @117246 @sainsburys @117248 @AldiUK @117249 @Morrisons @117250 @117251 Good luck trying to take the crown from us! 😂 https://t.co/GimVR6oXET
117241,2025-08-12T21:59:20.309307,@117242 @Tesco @marksandspencer @117246 @sainsburys @117248 @AldiUK @117249 @Morrisons @117250 @117251 We can't wait! 😆 https://t.co/pRgIm6Htss
117242,2025-08-12T21:59:20.409489,@Tesco @marksandspencer @117246 @117241 @sainsburys @117248 @AldiUK @117249 @Morrisons @117250 @117251 Loving the confidence @marksandspencer and @117241 😊 The pie tasting will continue on Monday (I don’t have my fellow pie judges available over the weekend!) https://t.co/7HaezHXO2u
Tesco,2025-08-12T21:59:20.509703,@117242 @marksandspencer @117246 @117241 @sainsburys @117248 @AldiUK @117249 @Morrisons @117250 @117251  https://t.co/EUeYF5Ittd
117242,2025-08-12T21:59:20.610328,@marksandspencer @Tesco @117246 @117241 @sainsburys @117248 @AldiUK @117249 @Morrisons @117250 @117251 Results are in for @Morrisons!!! #drumrollplease https://t.co/HsEi3zYpxY
marksandspencer,2025-08-12T21:59:20.720088,@Tesco @117242 @117246 @117241 @sainsburys @117248 @AldiUK @117249 @Morrisons @117250 @117251 No.. C...Can it be?? TESCO... FROM OUTTA NOWHERE 🐍 https://t.co/54EXQBGOdG
Tesco,2025-08-12T21:59:20.823272,@117242 @marksandspencer @117246 @117241 @sainsburys @117248 @AldiUK @117249 @Morrisons @117250 @117251 I doubt @117249 will... https://t.co/A4RR3PqLHC
117242,2025-08-12T21:59:20.927029,"@marksandspencer @117246 @117241 @Tesco @sainsburys @117248 @AldiUK @117249 @Morrisons @117250 @117251 One day, people will recall the Mince Pie Wars of 2017 &amp; we will all recall the way it played out. @Morrisons, stand by for your score https://t.co/uPWMJvssZL"
marksandspencer,2025-08-12T21:59:21.027215,"@117246 @117241 @Tesco @117242 @sainsburys @117248 @AldiUK @117249 @Morrisons @117250 @117251 😂😂 We feel like Seth Rollins cashing in on the grandest stage of them all 🙌 (p.s. - we'll call it 2-1 to us after our 'battle of the supermarkets' war where we, again, stole the show with our spongebob meme😉) #justsaying https://t.co/SBia8RZ7gb"
117246,2025-08-12T21:59:21.127609,"@marksandspencer @117241 @Tesco @117242 @sainsburys @117248 @AldiUK @117249 @Morrisons @117250 @117251 We'll call it 1-1 then...(Note the correct use of ""then"" 😉) https://t.co/MxSyUtbXO0"
marksandspencer,2025-08-12T21:59:21.228835,@117246 @117241 @Tesco @117242 @sainsburys @117248 @AldiUK @117249 @Morrisons @117250 @117251 Hey @117246... do you know what happens when you delete a tweet then reword your 'burn'? Do you know what happens when you try and keep up with our bants? Well Lidl.... https://t.co/fjHntKRKg4
117246,2025-08-12T21:59:21.329333,@117241 @Tesco @117242 @marksandspencer @sainsburys @117248 @AldiUK @117249 @Morrisons @117250 @117251 I'd say the real burn is that our basic Favorina mince pies got the same score as Finest*...and there are more in a pack...and they cost less... when our Deluxe range clock in then we'll talk. 😉 https://t.co/mXJYjDwULb
117241,2025-08-12T21:59:21.430690,@Tesco @117246 @117242 @marksandspencer @sainsburys @117248 @AldiUK @117249 @Morrisons @117250 @117251 **Passes over the aloe vera** https://t.co/aTIHs6xtmu
Tesco,2025-08-12T21:59:21.531115,@117246 @117242 @117241 @marksandspencer @sainsburys @117248 @AldiUK @117249 @Morrisons @117250 @117251  https://t.co/Rcxi4QEdhJ
117246,2025-08-12T21:59:21.631441,@117242 @117241 @marksandspencer @Tesco @sainsburys @117248 @AldiUK @117249 @Morrisons @117250 @117251 Where is everyone? https://t.co/kOc1xxpgtE
117242,2025-08-12T21:59:21.733083,@117241 @117246 @marksandspencer @Tesco @sainsburys @117248 @AldiUK @117249 @Morrisons @117250 @117251 Good morning pie makers!! Ready for day 4? Today we have @Morrisons All Butter mince pies. How do we all feel about that? https://t.co/gGYXEwrBc8
117242,2025-08-12T21:59:21.834062,"@117241 @117246 @marksandspencer @Tesco @sainsburys @117248 @AldiUK @117249 @Morrisons @117250 @117251 And @Morrisons, you’re formally on the list - pies have just been acquired ;) https://t.co/2S1te0IFVm"
117241,2025-08-12T21:59:21.935144,@117242 @117246 @marksandspencer @Tesco @sainsburys @117248 @AldiUK @117249 @Morrisons @117250 @117251 Ours are coming...lets hope we can snatch the crown 😀 https://t.co/hZcpBDb0FG
117242,2025-08-12T21:59:22.035805,@117246 @marksandspencer @Tesco @sainsburys @117248 @AldiUK @117249 @Morrisons @117250 @117251 @117241 Not sure if you’re listening @Tesco but your results are in! @marksandspencer - looks like your crown is safe. For now... https://t.co/5tsGXlo0cy
117246,2025-08-12T21:59:22.137146,@marksandspencer @117242 @Tesco @sainsburys @117248 @AldiUK @117260 @117249 @Morrisons @117250 @117251 @117241  https://t.co/M55roY2fJ2
marksandspencer,2025-08-12T21:59:22.238688,"@117246 @117242 @Tesco @sainsburys @117248 @AldiUK @117260 @117249 @Morrisons @117250 @117251 @117241 BAH GAWD LIDL, TESCO HAS A FAMILY😂😂 https://t.co/fraH9xPPbr"
117246,2025-08-12T21:59:22.339595,@marksandspencer @117242 @Tesco @sainsburys @117248 @AldiUK @117260 @117249 @Morrisons @117250 @117251 @117241 Watching @Tesco enter the game like👀 https://t.co/SzeeHuPOgt
117246,2025-08-12T21:59:22.441142,@marksandspencer @117242 @Tesco @sainsburys @117248 @AldiUK @117260 @117249 @Morrisons @117250 @117251 @117241 Thanks for announcing our arrival! https://t.co/QXbSYUsOgF
marksandspencer,2025-08-12T21:59:22.542831,"@117242 @Tesco @sainsburys @117248 @AldiUK @117260 @117249 @117246 @Morrisons @117250 @117251 @117241 We're not worried about Tesco 😉 Also, why go to Aldi for value bants when the Social Media pros are here? ¯\_(ツ)_/¯ https://t.co/jfqeSRkk3v"
117242,2025-08-12T21:59:22.643982,@marksandspencer @Tesco @sainsburys @117248 @AldiUK @117260 @117249 @117246 @Morrisons @117250 @117251 @117241 Hey @Tesco we are ready to give you your score!! But where are you?! Maybe @117246 can entertain us while we wait... https://t.co/DUy44H9JhU
117242,2025-08-12T21:59:22.745386,"@marksandspencer @Tesco @sainsburys @117248 @AldiUK @117260 @117249 @117246 @Morrisons @117250 @117251 @117241 Righty, @Tesco we have secured the pies. We’ve gone with your Finest.  They look good through the “pie box window” :) https://t.co/dFZQwxDec0"
117242,2025-08-12T21:59:22.847118,"@marksandspencer @Tesco @sainsburys @117248 @AldiUK @117260 @117249 @117246 @Morrisons @117250 @117251 @117241 Good morning pie makers! Day 3 of the mince pie tasting today! Due to over indulgence of pies, today we will be selecting 1 set of pies and these will be from @Tesco. @49975 do you feel confident? https://t.co/8TVIlPX9h1"
117242,2025-08-12T21:59:22.948215,@marksandspencer @Tesco @sainsburys @117248 @AldiUK @117260 @117249 @117246 @Morrisons @117250 @117251 You are very welcome to - but more competition is on the way. Including an upcoming entry from @117241 :) Are we all excited to see who we will taste tomorrow? https://t.co/m5jwIKG5dh
marksandspencer,2025-08-12T21:59:23.049253,@Tesco @117242 @sainsburys @117248 @AldiUK @117260 @117249 @117246 @Morrisons @117250 @117251 We're keeping hold of this for now if that's okay :) https://t.co/pyDWInbJbh
Tesco,2025-08-12T21:59:23.150795,@117242 @sainsburys @117248 @marksandspencer @AldiUK @117260 @117249 @117246 @Morrisons @117250 @117251 Count us in Mark... https://t.co/Cafcy9ztc4
117242,2025-08-12T21:59:23.252187,"@sainsburys @117248 @marksandspencer @AldiUK @117260 @117249 @117246 @Morrisons @Tesco @117250 And the results are in!
@117251 score a respectable 6 (loving the dusting!) whilst @117250 score 6.5. Current leaders with a slight lead are @marksandspencer! Who’s up next?! 😊 https://t.co/pzIYAp24KZ"
117242,2025-08-12T21:59:23.353618,@sainsburys @117248 @marksandspencer @AldiUK @117260 @117249 @117246 @Morrisons @Tesco @117250 I’ve had to pull in a team of tasters to help me - we are just tucking in to the @117248 luxury mince pies and the @117250 all butter mince pies... #drumroll #mincepietasteoff Will either unseat @marksandspencer? https://t.co/iajaLDjd5b
117242,2025-08-12T21:59:23.454169,"@sainsburys @117248 @marksandspencer @AldiUK @117260 @117249 @117246 @Morrisons @Tesco @117250 Righty! The unboxing! Have to say, the @117248 pies look really good!! 😋#mincepietasteoff https://t.co/4fBZcUXJMu"
sainsburys,2025-08-12T21:59:23.555351,"@117242 @117248 @marksandspencer @AldiUK @117260 @117249 @117246 @Morrisons @Tesco @117250 I think our mince pies will surprise you with a bit of... 
Maclaine https://t.co/oHw2c4Qvq5"
117242,2025-08-12T21:59:23.657924,@117248 @marksandspencer @AldiUK @117260 @sainsburys @117249 @117246 @Morrisons @Tesco @117250 So how do you both fancy your chances with the current leader @marksandspencer? Results to come this afternoon... https://t.co/nwKjLyeygb
117248,2025-08-12T21:59:23.759544,@117242 @marksandspencer @AldiUK @117260 @sainsburys @117249 @117246 @Morrisons @Tesco @117250 It's a co-operative derby! John Lewis Partnership vs @117248. ^CS
117242,2025-08-12T21:59:23.859802,@marksandspencer @AldiUK @117260 @sainsburys @117249 @117246 @Morrisons @Tesco Good morning pie makers!! Looks like we have some @117250 and @117248 pies today... Who’s feeling confident? ;) https://t.co/pUxEY4yb8H
117242,2025-08-12T21:59:23.960326,"@marksandspencer @AldiUK @117260 @sainsburys @117249 @117246 @Morrisons @Tesco Hold your horses! There are others wanting a go too! :) Tho for marmalade sandwiches, you’d definitely win! #lovethebear"
marksandspencer,2025-08-12T21:59:24.061204,@117242 @AldiUK @117260 @sainsburys @117249 @117246 @Morrisons @Tesco Yessssss!!!!! When's our trophy? ;) https://t.co/aroDntvL7F
117242,2025-08-12T21:59:24.161856,@AldiUK @117260 @sainsburys @117249 @117246 @marksandspencer @Morrisons @Tesco The Cognac steeped ones scored a good 6! But the shelves were empty of the Sloe gin ones. Want to join the mince pie competition? ;)
AldiUK,2025-08-12T21:59:24.262416,@117260 @117242 @sainsburys @117249 @117246 @marksandspencer @Morrisons @Tesco Do any of yours contain sloe gin though? We think not... https://t.co/acNNh6I1mF
117260,2025-08-12T21:59:24.363216,@117242 @sainsburys @117249 @AldiUK @117246 @marksandspencer @Morrisons @Tesco You need to get the Iceland ones... seriously!
117242,2025-08-12T21:59:24.463719,2017 mince pie off is go! First round underway. Bring it on!! @sainsburys @117249 @AldiUK @117246 @marksandspencer @Morrisons @Tesco #mincepie https://t.co/vm5jC91gUB
VirginTrains,2025-08-12T21:59:24.564770,@117261 Which station is this Alex? ^SB
117261,2025-08-12T21:59:24.666679,@VirginTrains Preston sorry.
VirginTrains,2025-08-12T21:59:24.767180,@117261 Yes that'll be open ^SB
117261,2025-08-12T21:59:24.867635,@VirginTrains just wondering if the station will be open tomorrow morning. SSP start around 4am.
SouthwestAir,2025-08-12T21:59:24.968137,"@117262 You're reading our mind, T! We'll be counting down the days until you're onboard! ^MK"
117262,2025-08-12T21:59:25.070108,@SouthwestAir That makes two of us! See you all real soon! #BNA ↔️ #MSP #AirportCodes
SouthwestAir,2025-08-12T21:59:25.170560,@117262 Your love means the world to us! DM us your Rapid Rewards account number so we can make your next flight even better. ^MK
117262,2025-08-12T21:59:25.271242,"Best Treat ever. Keep on doing good things, @SouthwestAir. Wish I were flying today instead of in two weeks! https://t.co/uYOUoPsX18"
SouthwestAir,2025-08-12T21:59:25.372979,"Complimentary adult beverage if you're flying with us tomorrow!*

*21+, Passengers flying by broom not included. See seatback menu for info! https://t.co/uctZbA6yvh"
SouthwestAir,2025-08-12T21:59:25.473369,"@117263 Thanks for flying with us today, Kristin! Enjoy the lift (&amp; free drink) onboard tonight! ^MK"
117263,2025-08-12T21:59:25.574332,Long day at work.Long flight for work.Long days away from the kids and hubby.Really appreciate the free @SouthwestAir drinks tonight
SouthwestAir,2025-08-12T21:59:25.676147,"@117264 We sure do, Danielle! Check out more information here: https://t.co/MNEpfi4LuR. ^MA"
117264,2025-08-12T21:59:25.776572,Hey @SouthwestAir do you do group flight bookings ?!
SouthwestAir,2025-08-12T21:59:25.877482,@117265 We're so happy our IND Agents were there to help. Thanks for hanging in there with us! ^MA
117265,2025-08-12T21:59:25.977979,@SouthwestAir awesome job by Indy employees who tracked down our bag after another pass. took it home. Made a bad situation bearable. 🙏🏻 ❤️😊
ChipotleTweets,2025-08-12T21:59:26.079709,"@117266 It'll be worth the wait, I'm sure. Nice costume! -Becky"
117266,2025-08-12T21:59:26.180853,The last time I had @ChipotleTweets was Halloween 2016. SO EXCITED #theyearlongwait https://t.co/TzsxtY0j9k
ChipotleTweets,2025-08-12T21:59:26.282617,@117267 😍 Adorable! -Becky
117267,2025-08-12T21:59:26.384496,Hey @ChipotleTweets isn't this the cutest burrito you've ever seen? https://t.co/WDgDAO1bzl
ChipotleTweets,2025-08-12T21:59:26.484676,@117268 That's frustrating – I'm sorry. Please let a manager know about this next time you're in so we can make amends. -Becky
117268,2025-08-12T21:59:26.586012,@ChipotleTweets Will they reimburse?
ChipotleTweets,2025-08-12T21:59:26.686371,"@117268 We'll hook you up with a bag, or you can write to us here: https://t.co/Ax7W1Dx3Y9 -Becky"
117268,2025-08-12T21:59:26.787555,"@ChipotleTweets they said they put chips in the bag, I get home to eat my guacamole and chips💔😔 and no chips😤😔 https://t.co/wI603A27s4"
ChipotleTweets,2025-08-12T21:59:26.888109,@117269 Again? I'm so sorry. Did you write to us at the link? -Becky
117269,2025-08-12T21:59:26.988822,@ChipotleTweets Not yet but I will
117269,2025-08-12T21:59:27.089184,@ChipotleTweets Happy Halloween. Nothing scarier than unmashed avocados in your guac. https://t.co/QTJqx9BMzu
ChipotleTweets,2025-08-12T21:59:27.189557,@117269 We shouldn't — please share this with https://t.co/nrhUDiEk7G if we've yet to make amends for that sad serving. -Shawn
117269,2025-08-12T21:59:27.289846,@ChipotleTweets how are you gonna charge me $1.95 for guac when you can’t even mash the avocados https://t.co/Qzkp7ZneaR
ChipotleTweets,2025-08-12T21:59:27.391215,@117270 We're the new pot of gold! -Becky
117270,2025-08-12T21:59:27.491566,The picture shows the rainbow going into @ChipotleTweets too. Burritos are blessed. https://t.co/9S7XG79Ij7
ChipotleTweets,2025-08-12T21:59:27.593224,"@117271 Online ordering is shut off tonight for our Boorito promotion, but will be back on tomorrow. My apologies. -Becky"
117271,2025-08-12T21:59:27.693705,@ChipotleTweets app is not working!!
ChipotleTweets,2025-08-12T21:59:27.794755,@117272 I have confidence you'll raise 'em right. -Becky
117272,2025-08-12T21:59:27.895076,My future kids better trick or treat for candy and @ChipotleTweets https://t.co/Tff2TZcUvn
ChipotleTweets,2025-08-12T21:59:27.996781,@117273 That shouldn't be there. Please tell us more so we can help: https://t.co/Ax7W1Dx3Y9 -Becky
117273,2025-08-12T21:59:28.097381,Found this lovely piece of plastic in my @ChipotleTweets bowl today. Looks like the corner of a sealed bag. Not my fave thing to bite into!! https://t.co/ePI0ZCIe1e
ChipotleTweets,2025-08-12T21:59:28.198422,@117274 We're ready for ya! -Becky
117274,2025-08-12T21:59:28.299132,I'm coming for my boorito @ChipotleTweets https://t.co/4v9Kr2fHnJ
ChipotleTweets,2025-08-12T21:59:28.400792,@117275 When our restaurant closes tonight. That's 10 p.m. almost everywhere. -Becky
117275,2025-08-12T21:59:28.501320,@ChipotleTweets What time does boorito end?
ChipotleTweets,2025-08-12T21:59:28.602670,@117276 Absolutely. -Becky
117276,2025-08-12T21:59:28.703263,"@ChipotleTweets, you a real one! No tricks, just treats."
ChipotleTweets,2025-08-12T21:59:28.803628,@117277 Totally worth it. -Becky
117277,2025-08-12T21:59:28.903870,My $3.17 costume just saved me $3.69 at @ChipotleTweets! #Boorito #Halloween #Halloween2017 https://t.co/5UloNP3pby
ChipotleTweets,2025-08-12T21:59:29.004579,@117278 Best kind of Chipotle. -Becky
117278,2025-08-12T21:59:29.105543,Ain’t no chipotle like a $3 chipotle. @ChipotleTweets ❤️❤️❤️🌯
ChipotleTweets,2025-08-12T21:59:29.206277,@117279 Heck yeah! What are you going to get? -Becky
117279,2025-08-12T21:59:29.306737,$3 burritos at @ChipotleTweets everyone 🍁🎃🍺👻
ChipotleTweets,2025-08-12T21:59:29.407696,"@117280 We turned it off for our Boorito promotion, but it'll be back on tomorrow. -Becky"
117280,2025-08-12T21:59:29.508604,@ChipotleTweets  https://t.co/FFXuBM2m2w
117280,2025-08-12T21:59:29.609570,🆘🆘🆘 whyyyy is the @ChipotleTweets app not working 🆘🆘🆘
ChipotleTweets,2025-08-12T21:59:29.710235,@117281 Shout out to you for stopping by! -Becky
117281,2025-08-12T21:59:29.810622,Shout out to Tuscaloosa @ChipotleTweets for giving me a free meal for dressing up as a skeleton https://t.co/lPVXnNXHBg
ChipotleTweets,2025-08-12T21:59:29.910843,"@117282 Well played, my friend. -Becky"
117282,2025-08-12T21:59:30.011594,You thought I was joking #HappyHalloween2017 #3dollarboorito #discount  @ChipotleTweets @331 https://t.co/vhqB4Ncg6C
ChipotleTweets,2025-08-12T21:59:30.111818,"@117283 It's made with real, high-quality ingredients. We're working on the recipe, so please give it another shot soon -Becky"
117283,2025-08-12T21:59:30.212620,@ChipotleTweets I love you but what’s going on with the queso? It’s so chalky
ChipotleTweets,2025-08-12T21:59:30.313343,@117284 That's concerning. Please tell us more here: https://t.co/Ax7W1Dx3Y9 -Becky
117284,2025-08-12T21:59:30.414665,@ChipotleTweets so I’m enjoying my amazing burrito bowl and I find plastic in my food I’m disgusted 😷😷😷 https://t.co/VGwwC5AV2c
ChipotleTweets,2025-08-12T21:59:30.516581,"@117285 I mean, he kind of tried. We'll give it to him. -Becky"
117285,2025-08-12T21:59:30.619705,.@ChipotleTweets BY NO MEANS should this snuggie qualify as a costume for $3 burrito night. https://t.co/kiSQQaKAaa
ChipotleTweets,2025-08-12T21:59:30.720600,@117286 That doesn't sound right. Please tell us more: https://t.co/Ax7W1Dx3Y9 -Becky
117286,2025-08-12T21:59:30.822720,Lol when @ChipotleTweets charges you for queso an you dont even like queso😒
TMobileHelp,2025-08-12T21:59:30.923214,@117287 @115913 Knowing what kind of coverage to expect when traveling is key. We want you to have the best experience possible. Please check coverage here https://t.co/WHE0Cks2yn and DM us with your questions. https://t.co/Et1Fu7xZtb *BarbPelotte
117287,2025-08-12T21:59:31.023585,"@115913 I'm in Lagos, Nigeria this week.  T-mobile data does not work in Nigeria according to your customer service? This is crazy, even if not free you need to be global. Don't sleep on Africa, can you fix this?"
TMobileHelp,2025-08-12T21:59:31.124157,"@117288 @115913 This Limited time offer ended on 11/02/2017, but what you have highlighted specifies that customers have until 12/02/2017 to provide the proof of purchase to qualify for the reimbursement. Feel free to send me a DM to chat. https://t.co/EdLkYIfmTn *MariahDaigle"
117288,2025-08-12T21:59:31.224877,"@115913 Here's my @115911 experience. Been a customer for years &amp; just bought Pixel 2 phones and tried to add new lines of service based on the offer at https://t.co/Z235nkiJs2, but support is claiming the offer ended. Advertisement says it's good until 12/2. Which is it? https://t.co/gCV3gDtO9k"
hulu_support,2025-08-12T21:59:31.325764,"@117289 Sorry! There isn't a way to roll back, but we're working on making changes. For help navigating: https://t.co/zS2PPOcsyE."
117289,2025-08-12T21:59:31.427557,"Dear @115940:

Your new update sucks. It’s insanely hard to navigate. Can I downgrade please?

Yours,
American Hulu watchers

#hulu #update"
hulu_support,2025-08-12T21:59:31.528000,@117290 Uh oh! Captions should stay on. On what device is this happening? Any specific show that's affected? We're here to help.
117290,2025-08-12T21:59:31.629379,"@hulu_support We use it through our Roku, and it happens on every show unfortunately. Also happens even if you just cause or rewind and then continue."
hulu_support,2025-08-12T21:59:31.730234,"@117290 Hm, they should definitely resume if already enabled. When they disappear, does your Roku's CC settings toggle off too? 1/2"
hulu_support,2025-08-12T21:59:31.831205,"@117290 That's where they need to be on, so check there (Home Screen&gt;Settings&gt;Captions&gt;Mode&gt;On: Always) if/when this happens again. 2/2"
117290,2025-08-12T21:59:31.932259,"@115940 Can you guys maybe like....FIX your stuff? For the longest time now, if you have the captions on, it only lasts for one episode. Wtf"
hulu_support,2025-08-12T21:59:32.032940,"@117291 Hulu is only available in the U.S. right now, but we'll be sure to share the interest in offering our service in Argentina! 🇦🇷"
117291,2025-08-12T21:59:32.133662,"@115940 when will the platform available in latinamerica, more specifically in Argentina?"
hulu_support,2025-08-12T21:59:32.236508,@117292 Got it. We'll be sure to share your feedback as improvements continue to be made based on viewer input like yours!
117292,2025-08-12T21:59:32.336859,@hulu_support Too much to detail; just go look at Netflix. UI is NO PLACE to “innovate” any longer. Just get on board with 20+ yrs of evolution 😶
hulu_support,2025-08-12T21:59:32.437428,"@117292 We're sorry to hear this, Tim! Is there anything in particular about the new app that you find frustrating? We're here to help."
117292,2025-08-12T21:59:32.538661,@hulu_support Did u fire the UI team behind the Roku app re-do yet? I want to rip my eyes out every time I’m forced to use it 😖 #garbage
hulu_support,2025-08-12T21:59:32.641365,"@117293 Yikes! Try resetting your password here: https://t.co/LkhXOWWq74. If no luck, call us from the number on the same page."
117293,2025-08-12T21:59:32.741868,@hulu_support Got an email saying my password was changed Bt I did not change it asked to reset it still have not gotten the email to reset
hulu_support,2025-08-12T21:59:32.843193,@117294 Sorry for the mixup! We'll be sure to share your feedback about the long wait time. Let us know if you have further questions.
117294,2025-08-12T21:59:32.944004,@hulu_support Ummm well I'm not Ray so not convinced.
hulu_support,2025-08-12T21:59:33.045185,"@117294 We assure you there are no bots here, Ray. We're also working on changes to address hold times. We appreciate your patience!"
117294,2025-08-12T21:59:33.146922,"@hulu_support Has been this way for months.  Doesn't that tell you how much we hate the ""new experience?""  Can't even get a live person - twitter bot"
hulu_support,2025-08-12T21:59:33.247377,@117294 Sorry for the long wait time! Our team is working to get to each and every one of our users ASAP. We appreciate your patience.
117294,2025-08-12T21:59:33.348484,"@hulu_support @117295 You do realize chat and talk require hours long waits???? I've been on hold to ""chat"" for 78 minutes"
hulu_support,2025-08-12T21:59:33.449543,"@117295 Apologies for this experience, Ray! When possible, please call us/chat so we can take a closer look: https://t.co/6YdK7bvQN7."
117295,2025-08-12T21:59:33.550576,"@hulu_support Tried everything..nothing worked ...logged into Fox, which worked  for a while but cost me off in the 8th inning... rip off"
hulu_support,2025-08-12T21:59:33.652149,"@117295 Sorry! We looked into this issue and sent out a fix. If rebooting doesn't help, please reach out here: https://t.co/6YdK7bvQN7."
117295,2025-08-12T21:59:33.753737,@hulu_support This is absolutely pathetic... big part of my motivation for signing up was the opportunity for World Series. Sorry I bothered
hulu_support,2025-08-12T21:59:33.526385,"Sincerest apologies for the live playback trouble tonight. While we work to resolve, please use this work-around: https://t.co/IUbKlg2sb2."
Ask_Spectrum,2025-08-12T21:59:33.140572,@117296 I apologize for any issues Tyler. Please DM us your account number or phone number so we can assist you. ^TZ
117296,2025-08-12T21:59:33.241518,@Ask_Spectrum hey any particular reason on why my WAN address keeps releasing and renewing
Ask_Spectrum,2025-08-12T21:59:33.341866,@117297 I do apologize for the inconvenience and I will be happy to help. Can you DM me your account number? -JP
117297,2025-08-12T21:59:33.442600,@Ask_Spectrum Outage in 90815? Modem dropped DS connection...
Ask_Spectrum,2025-08-12T21:59:33.544081,"@117298 Hello, I'm sorry your sound isn't working. Please send me a DM and I will be glad to assist you. -STS"
117298,2025-08-12T21:59:33.645624,@Ask_Spectrum Oh look my internet is out as well! I'm paying you $250/month for a blinking fucking light! https://t.co/PNwKOVUD0C
117298,2025-08-12T21:59:33.747213,"You know what the best part about being a @115955 customer is? Having to find illegal streams of channels I already pay for, because the sound hasn't worked on my cable box for the last two fucking days."
Ask_Spectrum,2025-08-12T21:59:33.848606,@117299 I apologize for the inconvenience. I will be glad to assist you. Can you DM me your Name and acct # or phone #? -JB
117299,2025-08-12T21:59:33.948896,Came home and @115955’s OnDemand has completely changed. Where’s all the tv OnDemand???
Ask_Spectrum,2025-08-12T21:59:34.049338,@117300 Sorry our tech never came. I can check the account if you could DM your address or acct# ^PS
117300,2025-08-12T21:59:34.150222,@Ask_Spectrum Nothing u can do now bc it's 6pm here. Tech sched again 4 tmw 10am. Work depends on internet so v frustrated.
117300,2025-08-12T21:59:34.251971,@Ask_Spectrum *Was told no techs available after 6.
117300,2025-08-12T21:59:34.352915,@115955 Cable &amp; internet out all day.Called CS 4 x's.No https://t.co/P6UXH5lwgO didn't come today as told.Frustrated AF.
Ask_Spectrum,2025-08-12T21:59:34.453415,@117301 I apologize for the inconvenience. I will be glad to assist you. Can you DM me your Name and acct # or phone #? -JB
117301,2025-08-12T21:59:34.554145,"@Ask_Spectrum I appreciate the response, spoke with someone on the phone to fix it. Apparently my modem was unsure what speed i should have so i got .66"
Ask_Spectrum,2025-08-12T21:59:34.654952,"@117301 Ok, I am glad you were able to come to a resolution. If you need further assistance please let us know. -JB"
117301,2025-08-12T21:59:34.756716,@ask_spectrum Soo how can you help me with this bull shit? https://t.co/kx4PsDc39P #Charter #CharterSpectrum #Spectrum #ShitInternet
sprintcare,2025-08-12T21:59:34.858186,@116718 Thank you!
116718,2025-08-12T21:59:34.959126,@115714 Sprint always going the distance for you.just like the Jeep.from coast to coast and beyond
sprintcare,2025-08-12T21:59:35.060615,@117302 Hi there! Can you tell us the reason for the credit? Can you also join us in a DM so we can assist you? -KW
117302,2025-08-12T21:59:35.161690,@115714  @sprintcare &amp; she hung up the phone on me. I want my money back. Or else the whole world gonna know
sprintcare,2025-08-12T21:59:35.263232,"@117303 Thank you for reaching out to us. Please send us a Direct Message, so that we can further assist you. -C.H"
117303,2025-08-12T21:59:35.363786,@sprintcare is there an outage in the Minneapolis/St. Paul Minnesota area?
sprintcare,2025-08-12T21:59:35.465718,@117304 Please let us know if you're currently having service issue with us? We at Sprint would like to know so we can further assist. -JN
117304,2025-08-12T21:59:35.567437,@115714 had THEE worst service on the planet fam.
sprintcare,2025-08-12T21:59:35.668844,@117305 Oh…that’s so not cool…let me check it out for you! Shoot us a DM so that we can further assist you. -AH
117305,2025-08-12T21:59:35.770301,@115714 FIX IT BECAUSE MY WIFI DOING BETTER THAN YALL..... HOW ???!!!! PLEASE TELL ME HOW 😊
117305,2025-08-12T21:59:35.872876,YO SPRINT WE NEED TO FIGHT OR SOMETHING CUS IM NOT ABOUT TO PAY FOR UNLIMITED DATA AND YOU GIVING ME ASS SERVICE LIKE TF IS THIS 😊 @115714
sprintcare,2025-08-12T21:59:35.974410,"@117306 Can you please send us a DM, so that be can able to  further look into this issue pertaining your device being unlocked? -TC"
117306,2025-08-12T21:59:36.075083,@sprintcare No. You already got my koney and I had 13 attempts with you. I feel Sprint sucks and only incompetents work there
117306,2025-08-12T21:59:36.175842,@115714 sells phones that are unusable in other companies. They can unlock them but they don't
AskLyft,2025-08-12T21:59:36.276342,"@117307 If your driver made you feel uncomfortable, please report the ride to our Critical Response Line at https://t.co/93jojKlTCK."
117307,2025-08-12T21:59:36.377265,when will my lyft drivers stop flirting w me/ asking me out on dates? i will never know.
VerizonSupport,2025-08-12T21:59:36.478277,"@117308 Our apologies as we have no control how they choose to provide their content. You can try searching from the guide using the ""B"" button for your local line up.  ^JRA"
117308,2025-08-12T21:59:36.578731,@115722 why is @699 doing this 🤨 never had this problem before 🤔 https://t.co/C7C5tYh1nf
VerizonSupport,2025-08-12T21:59:36.679458,"@116409 Doin' well. We should, check out the promos we have for new customers at https://t.co/Z88A7NWy7B  ^JRA"
116409,2025-08-12T21:59:36.780081,"Hey @115722, how you doin' baby? @115900 is out tonight...wanna hook up? #LiveWire"
VerizonSupport,2025-08-12T21:59:36.883039,@117309 We can have you work with an agent. Send us a DM so we may verify your info to get started. ^JRA
117309,2025-08-12T21:59:36.983737,@115722 So there is no reimbursement for customer paying extra to be able to watch it? #verizon #Univision
115722,2025-08-12T21:59:37.084142,"@117309 Hello Victoria, Currently we have no update at this time.
^NHP"
117309,2025-08-12T21:59:37.184758,@115722  the update with @117310? Already charged for my subscription it’s a bit ridiculous to ay for cable and have to pay more
VerizonSupport,2025-08-12T21:59:37.285290,"@117311 When you check your order online, what message are you getting? ^RMD"
117311,2025-08-12T21:59:37.385864,"@VerizonSupport After trying for 4 hours, I was told I would get a call back in the morning because the departments have now all left"
VerizonSupport,2025-08-12T21:59:37.487291,@117311 Do you happen to have a confirmation email regarding your order? ^JRA
117311,2025-08-12T21:59:37.591229,@VerizonSupport The order was not completed because there was an issue regarding my address not showing up in the system which multiple people could not fix https://t.co/75F8uCOmbU
VerizonSupport,2025-08-12T21:59:37.691572,"@117311 Please click the link below so we can access your information. ^NHP
https://t.co/IdZfP3Z8v7"
VerizonSupport,2025-08-12T21:59:37.791749,"@117311 I lost you in chat.  Please use the previously provided chat link if you still require assistance.

^DKD"
117311,2025-08-12T21:59:37.891908,"@VerizonSupport It’s not an online order. I tried to make a triple play order via telephone services, got disconnected, and the order can not be found now"
VerizonSupport,2025-08-12T21:59:37.995048,"@117311 Understood. Were you given an order number?
^JAY"
117311,2025-08-12T21:59:38.095304,@VerizonSupport The order was not completed because there was an issue regarding my address not showing up in the system which multiple people could not fix https://t.co/qmJSKw54vS
VerizonSupport,2025-08-12T21:59:38.195653,"@117311 We will take a look on our end to make sure everything that can be done is being done. We'll reach out to you if we are able find it.
^JAY"
117311,2025-08-12T21:59:38.302939,@VerizonSupport is driving me through the wall with how the way my pending order is NOT going
VerizonSupport,2025-08-12T21:59:38.404391,@117312 Is this for Fios or Wireless (mobile) service? ^DDD
117312,2025-08-12T21:59:38.505490,"@VerizonSupport when I check my voice mail it says that ""voicemail is not active"" - how do I activate it?"
AskPayPal,2025-08-12T21:59:38.605846,@117313 I'm sorry to hear of any frustration. Please send a DM with your PayPal email address and a screenshot of this charge. ^IN
117313,2025-08-12T21:59:38.706505,@AskPayPal Help
AskPayPal,2025-08-12T21:59:38.806905,@117314 Hi there! I've sent a reply to your message. :) ^JMR
117314,2025-08-12T21:59:38.907654,"@AskPayPal 
Been having an issue for a couple hours now trying to signup and now access my new account. Help? https://t.co/4xiV4wgMw4"
AskPayPal,2025-08-12T21:59:39.008904,"@117315 I'm sorry to hear of any frustration. If you have any problems with your account, please send a DM. I'd be happy to help. ^IN"
117315,2025-08-12T21:59:39.109262,@AskPayPal Your customer service is the most horrible I've experience. Jeez!
AskPayPal,2025-08-12T21:59:39.209491,"@117316 Hey there, we've responded to your DM, so please message us back whenever you get the chance! ^EL"
117316,2025-08-12T21:59:39.309684,@AskPayPal Replied :)
117316,2025-08-12T21:59:39.411817,@AskPayPal hi PayPal today you have taken what I owed out of my bank and also of my paypal balance you have charged me twice ?
AskPayPal,2025-08-12T21:59:39.512803,"@117317 Hey there, we've responded to your DM, so please message back whenever you get the chance! ^EL"
117317,2025-08-12T21:59:39.613617,@AskPayPal hi talk me in the PRIVATE massege
AskPayPal,2025-08-12T21:59:39.715093,@117318 I'm sorry to hear about this. Please send us a DM. We're happy to help! ^JMR
117318,2025-08-12T21:59:39.815664,@AskPayPal why? https://t.co/gxP57SpXnV
AskPlayStation,2025-08-12T21:59:39.917330,@117319 Glad to assist! Please check your DM's for further instructions.
117319,2025-08-12T21:59:40.018368,@AskPlayStation Any idea how I'd go about replacing the Audio cable that came with my PS Gold Headset?
AskPlayStation,2025-08-12T21:59:40.118771,"@117320 Hi! We appreciate your feedback, give us a comment using this link: https://t.co/F3J4l2NkyJ"
117320,2025-08-12T21:59:40.220122,@AskPlayStation let us change our psn
AskPlayStation,2025-08-12T21:59:40.321203,Enable auto-download on the PS4 and be prepared for future system updates and game patches: https://t.co/6rSbAVu4BI https://t.co/rrkqFmsjno
AskPlayStation,2025-08-12T21:59:40.421673,@117321 Glad to help! Please check the following article to receive further details about refunds: https://t.co/fAiqjlv1HD
117321,2025-08-12T21:59:40.522420,@AskPlayStation I purchased a game accidentally and I don't know how I'd be able to go about getting a refund for it
AskPlayStation,2025-08-12T21:59:40.623435,@117322 Hola Miguel! Encuentra como cambiar tu contraseña en el siguiente enlace: https://t.co/dxzs75z8ns
117322,2025-08-12T21:59:40.724135,@AskPlayStation hola lo que pasa esque no recuerdo la contraseña del correo ni tampoco el usuario y por lo tanto no puedo entrar al chat en vivo
AskPlayStation,2025-08-12T21:59:40.825810,@117322 Por favor siguenos en Twitter para brindarte asistencia por mensajes directos.
117322,2025-08-12T21:59:40.926932,@116216 hola alguien de soporte podria ayudarme con un problema con mi contraseña
AskPlayStation,2025-08-12T21:59:41.027868,@117323 Hi there! Please check the information in this link: https://t.co/v8h3U18EG0
117323,2025-08-12T21:59:41.128520,"@AskPlayStation hey, does the PlayStation slim supports 5Ghz?"
AskPlayStation,2025-08-12T21:59:41.229371,"@117324 Sorry to hear that, Please make sure you are following us, so we can assist you better via a Direct Message."
117324,2025-08-12T21:59:41.330038,@AskPlayStation Iam do it
AskPlayStation,2025-08-12T21:59:41.430726,@117324  Thank you. Please check your DMs for further instructions.
117324,2025-08-12T21:59:41.530998,"@AskPlayStation 
Hi
Iam bught 50$ psn card and i lost 2
Letter  now ihave acard and ican imagine him"
AskPlayStation,2025-08-12T21:59:41.631773,@117325 Glad to know the issue is fixed. Feel free to contact us at anytime!
117325,2025-08-12T21:59:41.732420,@AskPlayStation That seems to have fixed the problem. Thank you so much.
AskPlayStation,2025-08-12T21:59:41.833229,@117325 Please try rebuilding the database. Follow the steps on the next article: https://t.co/OOaq76kzAA
117325,2025-08-12T21:59:41.934141,@AskPlayStation I can still get to the apps via the library folder but prefer the convenience of the home screen folder
AskPlayStation,2025-08-12T21:59:42.034964,@117325 Hi there! Please let us know which console are you using.
117325,2025-08-12T21:59:42.145067,@AskPlayStation my media folder (netflix&amp; whatnot) has been moving down my home screen list and is now nowhere to be found despite using the apps. How do I get it back?
AskPlayStation,2025-08-12T21:59:42.246052,"@117326 You're welcome, feel free to contact us at anytime!"
117326,2025-08-12T21:59:42.346478,@AskPlayStation thank you so much!
AskPlayStation,2025-08-12T21:59:42.447474,@117326 Hi There! Please check the following link for further information: https://t.co/mj1xAGC6hY
117326,2025-08-12T21:59:42.548020,@AskPlayStation Are online IDs permanent?
AskPlayStation,2025-08-12T21:59:42.649046,"@117327 At the moment we don't have details to share, Check our PSBlog to receive details about promotions: https://t.co/BUAIx8OGQ0"
117327,2025-08-12T21:59:42.749531,@AskPlayStation when are you gonna announce the next months ps+ games?
ATVIAssist,2025-08-12T21:59:42.850723,@117328 It's about 40-45 gigs depending on any pre-order or deluxe content. ^JP
117328,2025-08-12T21:59:42.952219,@ATVIAssist how big is ww2 on the PS4?
ATVIAssist,2025-08-12T21:59:43.054595,"@117329 Good afternoon, sadly I don't have information on that. Sincerest apologies. ^JP"
117329,2025-08-12T21:59:43.155748,@ATVIAssist any info on when we can buy the #CODWWII season pass on the Microsoft Store?
ATVIAssist,2025-08-12T21:59:43.257525,@117330 We would recommend contacting the console store for more information on this. ^RK
117330,2025-08-12T21:59:43.358027,@117331 @ATVIAssist @115765 why am I getting this message when I've already paid for the game https://t.co/OXBWoPMBx6
ATVIAssist,2025-08-12T21:59:43.459223,@117332 moving forward. ^JP
117332,2025-08-12T21:59:43.559977,@ATVIAssist Please fix these lobbies in #blops3 getting lobbies with 7 v 3 #brokengame https://t.co/s5jjffnSRI
ATVIAssist,2025-08-12T21:59:43.661201,"@117332 Good afternoon, thanks for reaching out. This can happen on rare occasions. We're hoping to have a resolution for this..^JP"
ATVIAssist,2025-08-12T21:59:43.762207,"@117333 Hey there, sorry for the delay, could you send us a DM? I'd be happy to help. ^JP https://t.co/c9WoAfwenP"
117334,2025-08-12T21:59:43.864569,"@ATVIAssist @117333 the www-less domain of the main site is now outputting an invalid certificate error and giving me an ""Access Denied"" error"
117333,2025-08-12T21:59:43.965952,"@117335 are the leaderboards down for anyone else on the website? not sure what the issue is, but they've been down for a long time now"
117335,2025-08-12T21:59:44.067091,Your worst nightmare is here. Have a Spo-Uka Uka Halloween! 🎃 https://t.co/2oXJve1rXh
AdobeCare,2025-08-12T21:59:44.168270,"@117336 Hi there, sorry for the frustrating experience. Do you get any error messages when trying to open your project? ^Wren"
117336,2025-08-12T21:59:44.269427,"@AdobeCare Its only this message 
I didn't delete any files 
But is I press ok illustrator seems to open a new file.
And the old one is gone... https://t.co/EmBwu323cT"
AdobeCare,2025-08-12T21:59:44.370547,"@117336 Hi there,
How are you opening the file? I mean the exact workflow. Can you share a sample file with us to check? ^OM https://t.co/iuwZCjz4Or"
117336,2025-08-12T21:59:44.471157,@AdobeCare i can't sent the project ?
AdobeCare,2025-08-12T21:59:44.573339,"@117336 Hi, did you do a search on your computer for the file name? Did you check in the Creative Cloud folder on your computer? ^SV"
117336,2025-08-12T21:59:44.673913,@AdobeCare Yes but i cant upload iT on privay chat on Twitter
AdobeCare,2025-08-12T21:59:44.775820,"@117336 Hi, does project open up in Indesign CC CC 2017? If it does. Please try copying the contents to a new file to open in CC 2018. ^SV"
117336,2025-08-12T21:59:44.876211,@AdobeCare so i cant open iT in 2017
AdobeCare,2025-08-12T21:59:44.976919,"@117336 Let me loop in the expert. It is after hour for the expert, they will respond ASAP back in office again, please excuse the delay.^Raj"
117336,2025-08-12T21:59:45.077859,@AdobeCare Oki Np
AdobeCare,2025-08-12T21:59:45.178827,@117336 We appreciate your patience. ^Raj
AdobeCare,2025-08-12T21:59:45.280049,@117336 My email is: __email__  ^OM
117336,2025-08-12T21:59:45.381798,@AdobeCare i send you the file to your email :D
AdobeCare,2025-08-12T21:59:45.484064,"@117336 Hi,
I believe we are missing your exact workflow. Please DM steps you are trying (link attached). You also can share the file on my email. https://t.co/iuwZCjz4Or"
117336,2025-08-12T21:59:45.585016,@AdobeCare I already updated al my adobe programs
117336,2025-08-12T21:59:45.686785,@AdobeCare i don't know how shareing works
AdobeCare,2025-08-12T21:59:45.788791,@117336 Adding ^OM back for advice. ^NR https://t.co/iuwZCjz4Or
AdobeCare,2025-08-12T21:59:45.889296,@117336 You can email me the file at __email__  ^OM
AdobeCare,2025-08-12T21:59:45.990921,"@117336 Hi, we're looping in an expert who can help you out here. They will reply as soon as they're available. ^NR https://t.co/iuwZCjz4Or"
117336,2025-08-12T21:59:46.091619,"Thx @115778 i cant open My project anymore !
The New version of adobe has a lot of Buggs !!!"
AdobeCare,2025-08-12T21:59:46.192011,"@117337 Hi Ken, did the same book open successfully in a previous version of ADE? ^B"
117337,2025-08-12T21:59:46.293841,@AdobeCare Yes... but on a different computer... but the new computer is authorized with the same Adobe ID.
AdobeCare,2025-08-12T21:59:46.395491,@117337 This question is best suited for our experts at https://t.co/lJe4ZDc3yH. You can search or post a new question- our community is there. ^Raj
117337,2025-08-12T21:59:46.497213,"@AdobeCare ""The vendor account you entered is not associated with the item you are trying to open"" when I try to open books with new ADE"
AdobeCare,2025-08-12T21:59:46.598589,"@117338 Hi there, what's the file type of the image you're trying to place? Have you tried re-saving the image? ^Wren"
117338,2025-08-12T21:59:46.699764,@AdobeCare Jpg. I resaved it 3x out of PS.
AdobeCare,2025-08-12T21:59:46.800880,"@117338 Let me check with a colleague and see what's causing this, it's very weird. I'll get back to you when I have updates.  ^Wren"
117338,2025-08-12T21:59:46.901996,@AdobeCare Can we get back to this? Still having issues.
AdobeCare,2025-08-12T21:59:47.002858,"@117338 Hi there, we're looping the expert back into this conversation. Thanks! ^AJ"
AdobeCare,2025-08-12T21:59:47.104726,@117338 We're currently logging a bug for this with the InDesign team - it's definitely unexpected behavior. ^Wren
AdobeCare,2025-08-12T21:59:47.205732,"@117338 After placing your image, you'll have to manually adjust the fitting as a workaround. Sorry for any frustration this has caused. ^Wren"
117338,2025-08-12T21:59:47.307162,@AdobeCare When I enlarge it... it pixelates. ☹️
AdobeCare,2025-08-12T21:59:47.408429,@117338 What about when the Display Performance is set to high? Can you save the file with a 300dpi setting? ^Wren
AdobeCare,2025-08-12T21:59:47.510978,@117338 I'm able to replicate this with certain images (like screenshots) while others will be fine and place as full-size. 1/2
AdobeCare,2025-08-12T21:59:47.611415,"@117338 Let me loop in the expert. It is after hour for the expert, they will respond ASAP back in office again, please excuse the delay.^Raj"
117338,2025-08-12T21:59:47.712711,"@AdobeCare Sure. I’m out of the office now, too! Thanks."
AdobeCare,2025-08-12T21:59:47.814453,@117338 We appreciate your patience. ^Raj
117338,2025-08-12T21:59:47.915103,"Mmmk, Design Twitter. 

Can anyone explain why when I place my 1920x1080/72ppi image in my 1920x1080 @117339 doc, it isn’t the right size?"
AdobeCare,2025-08-12T21:59:48.016345,@117340 If you have a CC subscription you may install Photoshop CC from Creative Cloud desktop app.   ^Tanuj
117340,2025-08-12T21:59:48.117103,@AdobeCare I am on the adobe customer care chat now waiting to chat to someone. I want 2 have my original photoshop back...i didnt ask for an upgrade
AdobeCare,2025-08-12T21:59:48.217631,@117340 We're looping in an expert who can help you out here. They will reply as soon as they're available. ^Raj
AdobeCare,2025-08-12T21:59:48.318812,@117340 Please let me know if you were able to get the issue resolved after chatting with our support team.   ^Tanuj
117340,2025-08-12T21:59:48.420409,@AdobeCare Thank you. Issue has been resolved. It was my error.
AdobeCare,2025-08-12T21:59:48.521743,@117340 Glad to hear this was resolved! Feel free to reach out to us in case of any issues in the future ^Raj
117340,2025-08-12T21:59:48.623115,@AdobeCare I ran latest update on my MacBook pro and in that apps attached to my creative cloud account also updated. Loosing Photoshop subscription.
AdobeCare,2025-08-12T21:59:48.723808,"@117340 Hi Amy, could you please elaborate the issue for subscription after the Photoshop update so that we may help.    ^Tanuj"
117340,2025-08-12T21:59:48.824225,@117341 please help! I have updated my softwere and lost my subscription to photoshop!
MicrosoftHelps,2025-08-12T21:59:48.924572,"@117342 Hi, John! We want to know your experience with us. Please rate our support by clicking this link:  https://t.co/WZSiH8UqZU."
117342,2025-08-12T21:59:49.026341,@microsofthelps How do I report a bug with the Groove mobile and Web apps?
XboxSupport,2025-08-12T21:59:49.126565,"@117343 If you need help with your Xbox controller, we'd be happy to help! Tweet us any time for official Xbox support ^EZ"
117343,2025-08-12T21:59:49.227670,"@XboxSupport think I just need a new controller? RB barely works, have to press REALLY hard even then it only works 25% of the time."
117343,2025-08-12T21:59:49.328820,@XboxSupport did this a week ago and then worked fine again but has now broken again. Wolfenstein is really hard not being able to throw grenades 🤷🏼‍♀️
XboxSupport,2025-08-12T21:59:49.429138,@117343 able to best go over any replacement options that may be available to you!  2 ^BZ
XboxSupport,2025-08-12T21:59:49.530325,@117343 Oh no! We'd recommend reaching out to the live chat team: https://t.co/lUV7XYl61S as they'll be  1 ^BZ
117343,2025-08-12T21:59:49.633234,do you know how hard it is to play Xbox with a broken RB 😭 #XboxOne #itsbroken https://t.co/8NHaU4x8J0
XboxSupport,2025-08-12T21:59:49.733509,@116542 Hello! We suggest keeping up to date on news by checking https://t.co/DLBNovhFb4 regularly. ^CO
116542,2025-08-12T21:59:49.840127,@XboxSupport @117344  will be Xbox Play Anywhere title?
XboxSupport,2025-08-12T21:59:49.940218,@117345 Hi there! Could you DM https://t.co/nPX1yNXCi5 us your Gamertag so we can collect some more info? ^JS
117345,2025-08-12T21:59:50.040479,@XboxSupport It’s literally the only annoying thing about Xbox. I want to play with friends and some of them I can’t join games
117345,2025-08-12T21:59:50.140727,@XboxSupport can you guys please fix the crap where I can’t join certain friends? It’s been going on ever since I started playing.
XboxSupport,2025-08-12T21:59:50.241015,"@117346 Hello, thanks for reaching out to us. Can you send us a DM with your gamertag and description of your issue? ^CO"
117346,2025-08-12T21:59:50.341183,Hey @117347 I have some problem with storefront on FM3. Servers will be back? @XboxSupport Help us and @117348 guys.
XboxSupport,2025-08-12T21:59:50.443639,"@117349 If you need help with this pack, we'd be happy to help! Tweet us any time for official Xbox support ^EZ"
117349,2025-08-12T21:59:50.543856,@117350 @117014 @115786 Your game is broken bought the pack can’t use the cars
117350,2025-08-12T21:59:50.644561,Exciting news! The Ferrari 70th Anniversary DLC pack will be launching on @117014 4 and @115786 One on October 31st 2017... https://t.co/0waYqViz1S
XboxSupport,2025-08-12T21:59:50.744793,"@117351 Hello, thanks for reaching out to us. Can you DM us your gamertag and a description of the issue you're seeing? ^CO"
117351,2025-08-12T21:59:50.846406,"@XboxSupport What's up with the XB party menu? Since yesterday (I think) I can't scroll down it to get to the ""Leave Party"" option."
XboxSupport,2025-08-12T21:59:50.946707,"@117352 Hi, are you still seeing this message in-game? Official Xbox support is just an @ away if you need help! ^EZ"
117352,2025-08-12T21:59:51.047354,"@XboxSupport Yes I'm still getting the problem, I don't know if it's because I game share my Xbox LIVE with my brother, but my brother can still play."
117352,2025-08-12T21:59:51.320289,"@XboxSupport But I'm still able to play destiny 2, halo, etc.. with LIVE but it's only fortnite giving me this problem."
XboxSupport,2025-08-12T21:59:51.420529,@117352 Thanks for that information. Can you send us your gamertag and do you or your brother own the game? ^CO
117352,2025-08-12T21:59:51.520717,@XboxSupport My brother and I have the game and my gamertag is Toxicradiation5
XboxSupport,2025-08-12T21:59:51.622018,@117352 Can you DM us so we can get more information from you ^CO
117352,2025-08-12T21:59:51.724401,"@117353 I can't login because it says ""your account does not have the correct permission to access Xbox LIVE functionality""i have LIVE"
XboxSupport,2025-08-12T21:59:51.825719,@117354 https://t.co/lUV7XYl61S . If you want to continue in English Can you DM us your Gamertag and summary of your issue? 2 ^JS
XboxSupport,2025-08-12T21:59:51.926237,@117354 Hi there! We're actually an English speaking support channel. To continue in your native language you can here 1 ^JS
117354,2025-08-12T21:59:52.027799,"@XboxSupport cada vez funciona peor su pagina ,los juegos que adquiri no me deja comentarlos ni puntuarlos,el soporte en linea no funciona.."
XboxSupport,2025-08-12T21:59:52.128780,"@117355 If you need help uploading your captures, we'd be happy to help! Tweet us for official Xbox support ^EZ"
117355,2025-08-12T21:59:52.229715,@117356 @117353 How do you take your clips out of the record thing on Xbox and put it on twitter
117356,2025-08-12T21:59:52.330020,@117353 #FNBooR - Check out this 3 piece I got for the win! 😊 🎮 https://t.co/OMRp35NtX0
XboxSupport,2025-08-12T21:59:52.433015,"@117357 Hello, thanks for reaching out to us. Have you tried reinstalling from the store or disc? ^CO"
117357,2025-08-12T21:59:52.533582,"@XboxSupport I’ve tried LB, RB &amp; X but nothing?"
XboxSupport,2025-08-12T21:59:52.635334,"@117357 Well, you can check your purchase history to cross-reference what you hid. https://t.co/Le750cpfL0 ^CO"
117358,2025-08-12T21:59:52.736003,@XboxSupport @117357 @XboxSupport  I have an xbox game pass 14 day trial and I want to cancel it how can i?
117357,2025-08-12T21:59:52.837136,@XboxSupport I can’t remember the hidden games?
117357,2025-08-12T21:59:52.937872,@XboxSupport how do I unhide hidden games?
ArgosHelpers,2025-08-12T21:59:53.038934,@117359 Hi I'm sorry you are having issues. If you can please follow us and DM us your details we will be happy to help ~ Vicky
117359,2025-08-12T21:59:53.139808,"@ArgosHelpers Hi Vicky, Thanks for your response. I have DM'd you the full details"
117359,2025-08-12T21:59:53.240268,"Bought a printer from you as it is advertised as compatible with Mac. It isn't, I spent from 11am until 8pm trying to resolve this with your staff and got nowhere. 16 miles, 2 hour phone calls, 3 store visits and 1 day wasted. Can you help me please?! @ArgosHelpers"
ArgosHelpers,2025-08-12T21:59:53.356960,"@117360 Hi Angela! I'm glad to hear you experienced a high level of service! Thanks for your feedback, it is much appreciated. Regards ~ Dean"
117360,2025-08-12T21:59:53.459011,"@116245, I would like to leave positive feedback but it's too many characters so I have attached a picture of my feedback!! 😊😊 https://t.co/ejGO1oeXMU"
JetBlue,2025-08-12T21:59:53.559438,@117361 @288 We appreciate your feedback. Our crewmembers are trained to intervene if they thought the child was in danger.
117361,2025-08-12T21:59:53.660177,@JetBlue @288 there should b laws on #flights 4 #parents who hit their #toddlers in row 7 were horrible. Crew 2look away is wrong
117130,2025-08-12T21:59:53.760740,@nationalrailenq At least then my dad can go home and she knows she can get home when she finally gets to a station
ArgosHelpers,2025-08-12T21:59:53.862247,"@117362 Hi, I am responding to your DM now - Daniel"
117362,2025-08-12T21:59:53.962563,@116245 falsely advertising same day delivery would like a refund please
ArgosHelpers,2025-08-12T21:59:54.063355,"@117363 Hi, we don't have news about trhis game at the moment. We have not had pre-order stock available for ROI. Laurence."
117363,2025-08-12T21:59:54.163996,@116245 Are you selling Call of Duty WW2 on the PS4 in your Irish stores this Friday 4th Nov??
McDonalds,2025-08-12T21:59:54.265089,@117364 Things are getting majorly spooky behind this door...wait…actually…never mind. #TrickorTweet https://t.co/AsVeIXA8b6
117364,2025-08-12T21:59:54.365453,@McDonalds #trick
AskeBay,2025-08-12T21:59:54.465878,"@117365 Hey Don, if you get contacted asking to conduct a transaction outside eBay, that clearly violates our policies of off site transaction. We recommend reporting these buyers so we can review accordingly from our end: https://t.co/IosxW9fMM8. Having said that, we (1/2)"
117365,2025-08-12T21:59:54.566359,Hey @AskeBay @115937 you should   monitor buyers like you do with sellers... got 7 messages asking for a better deal out of eBay! But hey you only flag sellers because the 10% fees right! LOL
McDonalds,2025-08-12T21:59:54.667111,@117366 Have we got THE trick up our sleeves just for you. #TrickorTweet https://t.co/0q8MAgu31U
117366,2025-08-12T21:59:54.767779,@McDonalds Trick no Treat
McDonalds,2025-08-12T21:59:54.869170,@117367 #Halloween is the perfect time to turn up the beats and the scares. #TrickorTweet https://t.co/YurkiXn7Ag
117367,2025-08-12T21:59:54.969688,@McDonalds Trick and treat
117367,2025-08-12T21:59:55.071403,@McDonalds TrikntrEt !
McDonalds,2025-08-12T21:59:55.171904,@117367 There’s something spoooooky heading your way. Hope you can handle it! 👻 #TrickorTweet https://t.co/Z8wr1KOjDh
VerizonSupport,2025-08-12T21:59:55.273235,@117368 Help is here! How can we assist? ^DDG
117368,2025-08-12T21:59:55.374159,@VerizonSupport They just know we all have so many problems.
VerizonSupport,2025-08-12T21:59:55.475744,Sorry to about the delay. Allow us to assist you from here. What issue are you calling in about?  ^JRA
Walmart,2025-08-12T21:59:55.576537,"@117369 We're not judging, Teresa. You have to listen when the sweet tooth calls. 🍬😉 -Sabi"
117369,2025-08-12T21:59:55.677496,"Just your friendly neighborhood assassin having fun in Walmart.  Hey, we love candy, too!… https://t.co/jBOjm7anjN"
AskAmex,2025-08-12T21:59:55.779792,"@117370 Hi there, great question? Which U.S. based card do you have? Pls do not share any personal info."
117370,2025-08-12T21:59:55.880817,@AskAmex Personal Platinum card.
AskAmex,2025-08-12T21:59:55.982888,@117370 Thx.Pls contact us at the Customer Service number on the back of your Card so we can connect you with our Concierge.Thank you.
117370,2025-08-12T21:59:56.083811,Hey can @AskAmex conceirge get tickets to the 2020 Olympic games?
HiltonHelp,2025-08-12T21:59:56.184954,"@117371  Please follow and DM with full name, email and location on booking to share your concerns with management. Thank you. -TG"
117371,2025-08-12T21:59:56.285385,@117372 someone in ur staff in Costa Mesa stole my cc # since I checked in this Sunday. Not cool!
AskTarget,2025-08-12T21:59:56.385820,@117373 Thanks for reaching out. We want to learn more. Please DM us which store you visited. Thanks! https://t.co/bEVlRVM6db
117373,2025-08-12T21:59:56.487704,@116062 locks up eyelashes &amp; glue but not alcohol? 🤔
UPSHelp,2025-08-12T21:59:56.588116,@117374 Please DM our team. Please confirm your address. ^WS https://t.co/wKJHDXWGRQ
117374,2025-08-12T21:59:56.691618,"@UPSHelp where is my package?
Tracking #1Z9743W80207078561"
UPSHelp,2025-08-12T21:59:56.791844,@117375 Please DM us due to the limited characters so we can provide additional information. ^RF
117375,2025-08-12T21:59:56.894385,@UPSHelp Will do. Cheers.
117375,2025-08-12T21:59:56.999221,@UPSHelp Could you please shed light on 1Z5776W10491633299? It is due for delivery today but hasn't budged since last week. Please advise.
UPSHelp,2025-08-12T21:59:57.099471,"@117376 Please DM us your tracking number, and complete address so we can look into this. ^AC https://t.co/wKJHDXWGRQ"
117376,2025-08-12T21:59:57.200937,@upshelp extremely poor customer service repeatedly. Unbelievable smh..
GooglePlayMusic,2025-08-12T21:59:57.301156,"@117377 Hi there, have you checked, if you're signed into the right account? Keep us posted!"
117377,2025-08-12T21:59:57.401326,@GooglePlayMusic I will try that
117377,2025-08-12T21:59:57.501518,@GooglePlayMusic Yes it's my correct account.  For the first 30 minutes only 2 commercials.  After that 1 every song. Seems too many. Thanks
117377,2025-08-12T21:59:57.606675,@GooglePlayMusic why am I getting a commercial after every song? Should it be after every few songs? :(
OfficeSupport,2025-08-12T21:59:57.707381,"@117378 @117379 Hi, Russ. How long have you had this issue? Also, have you tried to delete cache and cookies? Let us know."
117379,2025-08-12T21:59:57.807872,"@OfficeSupport @117378 seems off campus users can log in fine. Visiting https://t.co/wxTcPQXGmr works but as soon as you log in, it gives the error."
OfficeSupport,2025-08-12T21:59:57.908653,"@117379 Understood, Russ. In that case, can you please follow us so we can gather further details via DM? Thanks."
117379,2025-08-12T21:59:58.009284,@OfficeSupport @117378 Yes. This started around noon EST. I am on hold with an open ticket as well. Desktop client and phones work. Just cannot log into website.
117378,2025-08-12T21:59:58.109462,@117379 Sorry to hear that. We're not aware of any ongoing related issues. Our friends @OfficeSupport may be able to help.  ^CT
117379,2025-08-12T21:59:58.210251,"@117378 having issues where anyone that has logged off of O365 and try to log back in get ""something went wrong"" page. anyone else?"
askpanera,2025-08-12T21:59:58.310972,@117380 Oh no! We take food quality seriously - Can you DM us with your bakery-cafe location and order number so we can look into this?
117380,2025-08-12T21:59:58.411677,@116253 I didn’t know hair came with the cinnamon rolls...? https://t.co/jJbJ7RtdAJ
askpanera,2025-08-12T21:59:58.512477,@117381 We can do better than that! Mind DMing us with your most recent order number and more details? We'd love to help.
117381,2025-08-12T21:59:58.613581,third time in a row @116253 messes up my order 🙃🤗
askpanera,2025-08-12T21:59:58.714928,"@117382 Thanks for bringing this to our attention, Natalie - We're sharing this with our team now to address further!"
117382,2025-08-12T21:59:58.816268,@askpanera You guys are the best. Thanks!
117382,2025-08-12T21:59:58.919084,"@askpanera Thanks! FYI, you can’t search for it on your site (photo) and it doesn’t state whether it has caffeine or not ☹️ https://t.co/xUsUyCUa4M"
askpanera,2025-08-12T21:59:59.019903,@117382 Hi there! Our Plum Ginger Hibiscus Tea is caffeine free - Check it out here: https://t.co/6N4KITprxh
117382,2025-08-12T21:59:59.120680,@askpanera hi! Does your iced Plum Ginger Hibiscus tea have caffeine?
askpanera,2025-08-12T21:59:59.221450,@117383 We never want to leave you disappointed! Mind sharing more details so we can look into this?
117383,2025-08-12T21:59:59.322353,@116253 always something screwed up at this place.  Don't know why I even bother. Thumbs down...
JetBlue,2025-08-12T21:59:59.422990,"@117384 @117385 At this time, generators are not allowed in checked luggage.  https://t.co/Qww2ubEAf3"
117384,2025-08-12T21:59:59.524133,"@JetBlue @117385 What if the generator is NEW in its original, unopened box?  It does NOT have any fuel!"
JetBlue,2025-08-12T21:59:59.624953,"@117385 No, we do not allow generators or chainsaws or any machine that uses fuel to be checked in luggage."
117385,2025-08-12T21:59:59.725574,#jetblue #puertorico does anyone know if I can bring a generator as my checked in luggage to PUerto Rico?
comcastcares,2025-08-12T21:59:59.826085,"@117386 Hello, I apologize for the delayed reply. Are you still having issues with your internet at this time? -JW"
117386,2025-08-12T21:59:59.926415,"@ComcastCares
#mobile_CareXI no signal on my modem, please fix."
